FG,SB,MM,TUR,XIP,THU,LPL,MPL,SPL,HAK0,HAK1,HAK2,HAK3,HAK4,MUL0,MUL1,MUL2,MUL3,TRA,PAG,DFS,DFH,DSM,DSP,DSR,MSC,MSG,MSP,ENG,SAR,EPI,CEBH,CEBS,CEPH,CEPS,DNS,DNH,DRS,DRH,ARF,PWL,SUP,Mb_O,Mb_FF,Mb_DF,Mb_C,Mb_PAR,Mb_SCA,Mb_H,Mb_GRA,Mb_SF,Mb_PF,BO,EUP,ZG,ZL,ZM,ZS,PB,BB,PS,DF,PL,MB,SG,MA,Bathyraja_brachyurops,Dalatias_licha,Dipturus_oxyrinchus,Etmopterus_spinax,Galeus_melastomus,Myliobatis_aquila,RSH_C1,RSS_C1,Raja_asterias,Raja_miraletus,Raja_polystigma,SSH_C1,SSS_C1,Scyliorhinus_canicula,Torpedo_marmorata,Torpedo_torpedo,DC,SPOM,BD
SB,0.0,0.0,0.0,0.0,0.0,0.0,0.0,0.0,0.0,0.0,0.0,0.0,0.0,0.0,0.0,0.0,0.0,0.0,0.0,0.0,0.0,0.0,0.0,0.0,0.0,0.0,0.0,0.0,0.0,0.0,0.0,0.0,0.0,0.0,0.0,0.0,0.0,0.0,0.0,0.0,0.0,0.0,0.0,0.0,0.0,0.0,0.0,0.0,0.0,0.0,0.0,0.0,0.0,0.0,0.0,0.0,0.0,0.0,0.0,0.0,0.0,0.0,0.0,0.0,0.0,0.0,0.0,0.0,0.0,0.0,0.0,0.0,0.0,0.0,0.0,0.0,0.0,0.0,0.0,0.0,0.0,0.0001437216,0.0002874431,0.0001437216
MM,0.0,0.0,0.0,0.0,0.0,0.0,0.0,0.0,0.0,0.0,0.0,0.0,0.0,0.0,0.0,0.0,0.0,0.0,0.0,0.0,0.0,0.0,0.0,0.0,0.0,0.0,0.0,0.0,0.0,0.0,0.0,0.0,0.0,0.0,0.0,0.0,0.0,0.0,0.0,0.0,0.0,0.0,0.0,0.0,0.0,0.0,0.0,0.0,0.0,0.0,0.0,0.0,0.0,0.0,0.0,0.0,0.0,0.0,0.0,0.0,0.0,0.0,0.0,0.0,0.0,0.0,0.0,0.0,0.0,0.0,0.0,0.0,0.0,0.0,0.0,0.0,0.0,0.0,0.0,0.0,0.0,0.02206983,0.04413966,0.02206983
TUR,0.0,0.0,0.0,0.0,0.0,0.0,0.0,0.0,0.0,0.0,0.0,0.0,0.0,0.0,0.0,0.0,0.0,0.0,0.0,0.0,0.0,0.0,0.0,0.0,0.0,0.0,0.0,0.0,0.0,0.0,0.0,0.0,0.0,0.0,0.0,0.0,0.0,0.0,0.0,0.0,0.0,0.0,0.0,0.0,0.0,0.0,0.0,0.0,0.0,0.0,0.0,0.0,0.0,0.0,0.0,0.0,0.0,0.0,0.0,0.0,0.0,0.0,0.0,0.0,0.0,0.0,0.0,0.0,0.0,0.0,0.0,0.0,0.0,0.0,0.0,0.0,0.0,0.0,0.0,0.0,0.0,0.00425,0.0085,0.00425
XIP,0.0,0.0,0.0,0.0,0.0,0.0,0.0,0.0,0.0,0.0,0.0,0.0,0.0,0.0,0.0,0.0,0.0,0.0,0.0,0.0,0.0,0.0,0.0,0.0,0.0,0.0,0.0,0.0,0.0,0.0,0.0,0.0,0.0,0.0,0.0,0.0,0.0,0.0,0.0,0.0,0.0,0.0,0.0,0.0,0.0,0.0,0.0,0.0,0.0,0.0,0.0,0.0,0.0,0.0,0.0,0.0,0.0,0.0,0.0,0.0,0.0,0.0,0.0,0.0,0.0,0.0,0.0,0.0,0.0,0.0,0.0,0.0,0.0,0.0,0.0,0.0,0.0,0.0,0.0,0.0,0.0,0.0020956,0.0041912,0.0020956
THU,0.0,0.0,0.0,0.0,0.0,0.0,0.0,0.0,0.0,0.0,0.0,0.0,0.0,0.0,0.0,0.0,0.0,0.0,0.0,0.0,0.0,0.0,0.0,0.0,0.0,0.0,0.0,0.0,0.0,0.0,0.0,0.0,0.0,0.0,0.0,0.0,0.0,0.0,0.0,0.0,0.0,0.0,0.0,0.0,0.0,0.0,0.0,0.0,0.0,0.0,0.0,0.0,0.0,0.0,0.0,0.0,0.0,0.0,0.0,0.0,0.0,0.0,0.0,0.0,0.0,0.0,0.0,0.0,0.0,0.0,0.0,0.0,0.0,0.0,0.0,0.0,0.0,0.0,0.0,0.0,0.0,0.01596578,0.03193156,0.01596578
LPL,0.0,0.0,0.0,0.0,0.0,0.0,0.0,0.0,0.0,0.0,0.0,0.0,0.0,0.0,0.0,0.0,0.0,0.0,0.0,0.0,0.0,0.0,0.0,0.0,0.0,0.0,0.0,0.0,0.0,0.0,0.0,0.0,0.0,0.0,0.0,0.0,0.0,0.0,0.0,0.0,0.0,0.0,0.0,0.0,0.0,0.0,0.0,0.0,0.0,0.0,0.0,0.0,0.0,0.0,0.0,0.0,0.0,0.0,0.0,0.0,0.0,0.0,0.0,0.0,0.0,0.0,0.0,0.0,0.0,0.0,0.0,0.0,0.0,0.0,0.0,0.0,0.0,0.0,0.0,0.0,0.0,0.07881498,0.15763,0.07881498
MPL,0.0,0.0,0.0,0.0007591079,0.002791049,0.0273854,0.0001334663,0.0,0.0,0.0,0.0,0.0,0.0,0.0,0.0,0.0,0.0,0.0,0.0,0.0,0.0,0.0,0.0,0.0,0.0,0.0,0.0,0.0,0.0,0.0,0.0,0.0,0.0,0.0,0.0,0.0,0.0,0.0,0.0,0.0,0.0,0.0,0.0,0.0,0.0,0.0,0.0,0.0,0.0,0.0,0.0,0.0,0.0,0.0,0.0,0.0,0.0,0.0,0.0,0.0,0.0,0.0,0.0,0.0,0.0,0.0,0.0,0.0,0.0,0.0,0.0,0.0,0.0,0.0,0.0,0.0,0.002053979,0.0,0.0004614716,5.029881e-05,4.380114e-05,0.03421611,0.06843223,0.03421611
SPL,8.06584e-07,0.0,0.0,0.00012495,0.00202739,0.02750712,0.1071544,0.0,0.0,0.0,0.0,0.0,0.0,0.0,0.0,0.0,0.0,0.0,0.0,0.0004857198,0.0,0.0,0.04366749,0.0,0.0,0.0,0.0,0.0,0.0,0.0,0.0,0.0,0.0,0.003398178,0.0,0.0,0.0,0.0,0.0,0.0,0.0,0.0,0.0,0.0,0.0,0.0,0.0,0.0,0.0,0.0,0.0,0.0,0.0,0.0,0.0,0.0,0.0,0.0,0.0,0.0,0.0,0.0,0.0,0.0,0.0,0.0,0.0,0.0,0.0,0.0,0.0,0.002396714,0.0,0.0,0.0,0.0,0.008473219,0.0,6.809723e-05,8.472198e-06,7.162227e-06,0.05437759,0.1087552,0.05437759
HAK0,0.0,0.0,0.0,1.764e-06,0.0,0.0,0.0,0.0,0.0,0.0,0.0002192026,1.900378e-06,2.287165e-05,0.0,0.0,0.0,0.0,0.0,0.0,0.001079377,0.0,0.0,0.0,0.0,0.0,0.0,0.0,0.0,0.0,0.0,0.0,0.0,0.0,0.0,0.0,0.0,0.0,0.0,0.0,0.0,0.0,0.0,0.0,0.0,0.0,0.0,0.0,0.0,0.0,0.0,0.0,0.0,0.0,0.0,0.0,0.0,0.0,0.0,0.0,0.0,0.0,0.0,0.0,0.0,0.0,0.0,0.0,0.0,0.0,0.0,0.0,0.0,0.0,0.0,0.0,0.0,0.0,0.0,0.0,0.0,0.0,0.0,0.01000933,0.01000933
HAK1,0.0,0.0,0.0,1.764e-06,0.0,0.0,0.0,0.0,0.0,0.0,0.0002192026,1.900378e-06,2.287165e-05,0.0,0.0,0.0,0.0,0.0,0.0,0.001435572,0.0,0.0,0.0,0.0,0.0,0.0,0.0,0.0,0.0,0.0,0.0,0.0,0.0,0.0,0.0,0.0,0.0,0.0,0.0,0.0,0.0,0.0,0.0,0.0,0.0,0.0,0.0,0.0,0.0,0.0,0.0,0.0,0.0,0.0,0.0,0.0,0.0,0.0,0.0,0.0,0.0,0.0,0.0,0.0,0.0,0.0,0.0,0.0,0.0,0.0,0.0,0.003288425,0.0,0.0,0.0,0.0,0.0005734204,0.0,0.0002676131,2.898554e-05,0.0002182103,0.007667851,0.0153357,0.007667851
HAK2,0.0,0.0,0.0,4.116e-06,0.0,0.0,0.0,0.0,0.0,0.0,0.0,1.900378e-06,2.287165e-05,0.0,0.0,0.0,0.0,0.0,0.0,0.0062388,0.0,0.0,0.0,0.0,0.0,0.0,0.0,0.0,0.0,0.0,0.0,0.0,0.0,0.0,0.0,0.0,0.0,0.0,0.0,0.0,0.0,0.0,0.0,0.0,0.0,0.0,0.0,0.0,0.0,0.0,0.0,0.0,0.0,0.0,0.0,0.0,0.0,0.0,0.0,0.0,0.0,0.0,0.0,0.0,0.0,0.0,0.0,0.0001299777,0.0,0.0,0.0,0.008174806,3.566917e-06,0.0,0.0,0.0,0.001422416,0.0,0.0006638364,7.190104e-05,0.0005412886,0.01079378,0.02158756,0.01079378
HAK3,0.0,0.0,0.0,0.0,0.0,0.0,0.0,0.0,0.0,0.0,0.0,0.0,2.287165e-05,0.0,0.0,0.0,0.0,0.0,0.0,0.0,0.0,0.0,0.0,0.0,0.0,0.0,0.0,0.0,0.0,0.0,0.0,0.0,0.0,0.0,0.0,0.0,0.0,0.0,0.0,0.0,0.0,0.0,0.0,0.0,0.0,0.0,0.0,0.0,0.0,0.0,0.0,0.0,0.0,0.0,0.0,0.0,0.0,0.0,0.0,0.0,0.0,0.0,0.0,0.0,0.0,0.0,0.0,0.0001299777,0.0,0.0,0.0,0.006475927,3.566917e-06,0.0,0.0,0.0,0.002006971,0.0,0.0009366458,0.0001014494,0.0007637361,0.01019015,0.02038031,0.01019015
HAK4,0.0,0.0,0.0,0.0,0.0,0.0,0.0,0.0,0.0,0.0,0.0,0.0,0.0,0.0,0.0,0.0,0.0,0.0,0.0,0.0,0.0,0.0,0.0,0.0,0.0,0.0,0.0,0.0,0.0,0.0,0.0,0.0,0.0,0.0,0.0,0.0,0.0,0.0,0.0,0.0,0.0,0.0,0.0,0.0,0.0,0.0,0.0,0.0,0.0,0.0,0.0,0.0,0.0,0.0,0.0,0.0,0.0,0.0,0.0,0.0,0.0,0.0,0.0,0.0,0.0,0.0,0.0,0.0001299777,0.0,0.0,0.0,0.0,3.566917e-06,0.0,0.0,0.0,0.0,0.0,0.0,0.0,0.0,0.0005058867,0.001011773,0.0005058867
MUL0,0.0,0.0,0.0,0.0,0.0,0.0,0.0,0.0,0.0,0.0,0.0,0.0,0.0,0.0,0.0,0.0,0.0,0.0,0.0,0.003238132,0.0,0.0,0.0007205136,0.0,0.0,0.0,0.0,0.0,0.0,0.0,0.0,0.0,0.0,0.0,0.0,0.0,0.0,0.0,0.0,0.0,0.0,0.0,0.0,0.0,0.0,0.0,0.0,0.0,0.0,0.0,0.0,0.0,0.0,0.0,0.0,0.0,0.0,0.0,0.0,0.0,0.0,0.0,0.0,0.0,0.0,1.86607e-05,0.0,0.0,0.0,0.0,1.091195e-05,0.0007083564,0.0,0.0002254302,0.0003664444,3.576134e-06,0.0004162934,0.0,0.0009575649,1.478695e-05,0.0001647804,0.0,0.01337996,0.01337996
MUL1,0.0,0.0,0.0,0.0,0.0,0.0,0.0,0.0,0.0,0.0,0.0,0.0,0.0,0.0,0.0,0.0,0.0,0.0,0.0,0.004166396,0.0,0.0,0.007218237,0.0,0.0,0.0,0.0,0.0,0.0,0.0,0.0,0.0,0.0,0.0,0.0,0.0,0.0,0.0,0.0,0.0,0.0,0.0,0.0,0.0,0.0,0.0,0.0,0.0,0.0,0.0,0.0,0.0,0.0,0.0,0.0,0.0,0.0,0.0,0.0,0.0,0.0,0.0,0.0,0.0,0.0,0.0002442035,0.0,0.0,0.0,0.0,0.0001427992,0.00926945,0.0,0.002941444,0.004795597,4.68e-05,0.004761761,0.0,0.00224592,0.0002428096,0.001497663,0.01633623,0.03267246,0.01633623
MUL2,0.0,0.0,0.0,0.0,0.0,0.0,0.0,0.0,0.0,0.0,0.0,0.0,0.0,0.0,0.0,0.0,0.0,0.0,0.0,0.02698443,0.0,0.0,0.00017467,0.0,0.0,0.0,0.0,0.0,0.0,0.0,0.0,0.0,0.0002065373,0.0,0.0,0.0,0.0,0.0,0.0,0.0,0.0,0.0,0.0,0.0,0.0,0.0,0.0,0.0,0.0,0.0,0.0,0.0,0.0,0.0,0.0,0.0,0.0,0.0,0.0,0.0,0.0,0.0,0.0,0.0,0.0,4.045228e-05,0.0,0.0,0.0,0.0,2.364488e-05,0.001513017,0.0,6.946642e-05,0.0008001219,7.795479e-06,0.001411381,0.0,0.0006941474,7.450992e-05,6.518298e-05,0.01970177,0.03940354,0.01970177
MUL3,0.0,0.0,0.0,1.3818e-05,0.0,0.0,0.0,0.0,0.0,0.0,0.0,0.0,0.0,0.0,0.0,0.0,0.0,0.0,0.0,0.01085854,0.0,0.0,0.00017467,0.0,0.0,0.0,0.0,0.0,0.0,0.0,0.0,0.0,0.0,0.0,0.0,0.0,0.0,0.0,0.0,0.0,0.0,0.0,0.0,0.0,0.0,0.0,0.0,0.0,0.0,0.0,0.0,0.0,0.0,0.0,0.0,0.0,0.0,0.0,0.0,0.0,0.0,0.0,0.0,0.0,0.0,4.045228e-05,0.0,0.0,0.0,0.0,2.364488e-05,0.001513017,0.0,6.946642e-05,0.0008001219,7.795479e-06,0.000163888,0.0,0.0,0.0,0.0,0.007103683,0.01420737,0.007103683
TRA,0.0,0.0248759,0.0,0.00028518,0.008459366,0.46599,0.04563118,0.0,0.0,0.0,0.07993589,0.1229715,0.008069375,0.0,0.0,0.0,0.0,0.0,0.0,0.01751829,0.0,0.0,0.0007030466,0.0,0.0,0.0,0.0,0.0,0.0,0.0,0.0,0.0,0.03249864,0.009132602,0.0,0.0,0.0,0.0,0.0,0.0,0.0,0.0,0.0,0.0,0.0,0.0,0.0,0.0,0.0,0.0,0.0,0.0,0.0,0.0,0.0,0.0,0.0,0.0,0.0,0.0,0.0,0.0,0.0,0.0,0.0,0.0005300498,0.0,0.000312513,0.0,0.0,1.131518e-05,0.01934516,8.520178e-06,0.0002606793,0.0003616747,3.568354e-06,0.005856642,0.0,0.0008066167,8.936423e-05,7.744601e-05,0.1818736,0.3637471,0.1818736
PAG,0.0,0.00182386,0.0,0.0,0.0,0.0,0.0,0.0,0.0,0.0,0.0,0.0,0.0,0.0,0.0,0.0,0.0,0.0,0.0,0.0,0.0,0.0,0.0003537067,0.0,0.0,0.0,0.0,0.0,0.0,0.0,0.0,0.0,0.0002168642,0.0,0.0,0.0,0.0,0.0,0.0,0.0,0.0,0.0,0.0,0.0,0.0,0.0,0.0,0.0,0.0,0.0,0.0,0.0,0.0,0.0,0.0,0.0,0.0,0.0,0.0,0.0,0.0,0.0,0.0,0.0,0.0,2.211391e-05,0.0,0.0,0.0,0.0,1.292586e-05,0.000827116,0.0,3.797498e-05,0.0004374001,4.261527e-06,1.211714e-05,0.0,0.0,0.0,0.0,0.007888562,0.01577712,0.007888562
DFS,0.0,0.0002666965,0.0,0.0,0.0008523414,0.009493606,0.001172597,0.0,0.0,0.0,0.0008141811,0.001121223,0.0006254858,0.0,0.0,0.0,0.0,0.0,0.0,0.07501672,0.003767628,0.0,0.03459339,0.0008413008,0.08894067,0.0,0.0,0.0,0.0,0.0,0.0,0.008325575,0.01054373,0.06922153,0.0,0.0,0.0,0.0,0.0,0.0,0.0,0.0,0.0,0.0,0.0,0.0,0.0,0.0,0.0,0.0,0.0,0.0,0.0,0.0,0.0,0.0,0.0,0.0,0.0,0.0,0.0,0.0,0.0,0.0,0.0,0.0,2.096064e-05,0.0009049524,3.267967e-05,0.0002587388,0.0,0.004594582,2.459659e-05,0.0,0.0,0.0,0.0,0.01254106,0.00177971,0.0,0.0,0.05590925,0.1118185,0.05590925
DFH,0.0001736396,0.004129494,0.0,9.760799e-05,0.0,0.0007302774,0.0005624652,0.0,0.0,0.01236577,0.0005845402,0.008715132,0.0002670977,0.0,0.0,0.0,0.0,0.1223187,0.005398551,0.1348358,0.7961536,0.05247346,0.2035778,0.07944975,0.071311,0.0,0.0,0.0,0.0,0.4820323,0.06619419,0.01660867,0.1049623,0.05657639,0.0,0.0,0.0,0.0,0.0,0.0,0.0,0.0,0.0,0.0,0.0,0.0,0.0,0.0,0.0,0.0,0.0,0.0,0.0,0.0,0.0,0.0,0.0,0.0,0.0,0.0,0.0,0.0,0.0,0.0,0.0,0.0,0.0,0.0007109272,0.0,0.0,0.0,0.01327163,1.929169e-05,0.0,0.0,0.0,0.008211832,0.0,0.06350356,0.0001057052,0.003640575,0.5700949,1.14019,0.5700949
DSM,1.774485e-05,0.007854641,0.0,0.0,0.0008572682,0.0,0.06731945,0.0,0.0,0.0,0.02390352,0.000115923,7.95109e-05,0.0,0.0,0.0013888,0.002479811,0.0,0.001086333,0.04565766,0.1937637,0.2520565,0.02400402,0.02992904,0.0,0.0,0.0,0.0,0.0,0.0,0.02964452,0.5610843,0.1337226,0.009132602,0.0,0.0,0.0,0.0,0.0,0.0,0.0,0.0,0.0,0.0,0.0,0.0,0.0,0.0,0.0,0.0,0.0,0.0,0.0,0.0,0.0,0.0,0.0,0.0,0.0,0.0,0.0,0.0,0.0,0.0,0.0,0.005823093,2.020225e-05,0.0,3.149742e-05,0.0002493349,0.0006340279,0.04417698,0.0,0.00185913,0.02436341,0.0004957582,0.05774913,0.01248237,0.02440245,0.01809644,0.002177319,0.3473697,0.6947395,0.3473697
DSP,2.240511e-06,0.007854641,0.0,1.3818e-05,0.007062609,0.004868516,0.0001811329,0.0,0.0,0.0,0.0,0.0,0.0,0.0,0.0,0.0,0.0,0.0,0.0,0.002514949,0.0,0.0,0.004379849,0.0,0.0,0.0,0.0,0.0,0.0,0.0,0.001825499,0.0,0.003717671,0.009132602,0.0,0.0,0.0,0.0,0.0,0.0,0.0,0.0,0.0,0.0,0.0,0.0,0.0,0.0,0.0,0.0,0.0,0.0,0.0,0.0,0.0,0.0,0.0,0.0,0.0,0.0,0.0,0.0,0.0,0.0,0.0,4.296299e-07,0.0,0.0006020465,0.0,0.0,2.523995e-07,1.012822e-05,1.63371e-05,7.276996e-07,0.0003398588,7.957512e-08,0.00302951,0.0,1.945434e-06,2.440533e-07,2.063178e-07,0.03326573,0.06653146,0.03326573
DSR,2.2786e-05,0.0,0.0,2.7342e-05,0.001549488,0.0001217129,0.0005624652,0.0,0.0,0.0,0.0,0.0,0.0,0.0,0.0,0.0,0.0,0.0,0.0,0.0001619066,0.0,0.0,0.004174612,0.0,0.0,0.0,0.0,0.0,0.0,0.0,0.02154883,0.0,0.04051229,0.001339666,0.0,0.0,0.0,0.0,0.0,0.0,0.0,0.0,0.0,0.0,0.0,0.0,0.0,0.0,0.0,0.0,0.0,0.0,0.0,0.0,0.0,0.0,0.0,0.0,0.0,0.0,0.0,0.0,0.0,0.0,0.0,0.0002146681,0.0,0.0,0.0,0.0,1.915149e-05,0.001234508,0.0,5.618301e-05,0.000645301,6.292917e-06,0.04274983,0.0,0.0005271356,6.530662e-05,5.520891e-05,0.07099041,0.1419808,0.07099041
MSC,0.0,0.02706539,0.0,0.002274678,0.009757585,0.03651387,0.06300563,0.2256956,0.0,0.006182883,0.02081381,3.800755e-05,0.0,0.0,0.0,0.0,0.0,0.2262119,0.0,0.031194,0.007750549,0.0,0.01015706,0.001730952,0.1894297,0.0,1.2052,0.0,0.0,0.0,0.0,0.3615678,0.0004647089,0.4984539,0.0,0.0,0.0,0.0,0.0,0.0,0.0,0.0,0.0,0.0,0.0,0.0,0.0,0.0,0.0,0.0,0.0,0.0,0.0,0.0,0.0,0.0,0.0,0.0,0.0,0.0,0.0,0.0,0.0,0.0,0.0,0.006064994,0.000187779,0.0003797629,0.003525191,0.03178929,0.0004564199,0.04792226,1.034506e-05,0.001337394,0.01532635,0.0001495724,0.0,0.009450258,0.01017325,0.0,0.0,1.384816,2.769631,1.384816
MSG,0.0,0.0,0.0,0.0,5.17317e-05,0.1715543,0.0,0.0,0.0,0.0,0.0,0.0,0.0,0.0,0.0,0.0,0.0,0.0,0.0,0.0,0.0,0.0,0.0,0.0,0.0,0.0,0.0,0.0,0.0,0.0,0.0,0.0,0.0,0.0,0.0,0.0,0.0,0.0,0.0,0.0,0.0,0.0,0.0,0.0,0.0,0.0,0.0,0.0,0.0,0.0,0.0,0.0,0.0,0.0,0.0,0.0,0.0,0.0,0.0,0.0,0.0,0.0,0.0,0.0,0.0,0.0,0.0,0.0,0.0,0.0,0.0,0.0,0.0,0.0,0.0,0.0,0.0,0.0,0.0,0.0,0.0,0.1856331,0.3712662,0.1856331
MSP,0.0,0.02580934,0.0,0.0,0.01015666,0.1825694,0.0,0.0,0.0,0.0,0.0,0.0,0.0,0.0,0.0,0.0,0.0,0.0,0.0,0.0006368326,0.0,0.0,0.02183375,0.0,0.0,0.0,0.0,0.0,0.0,0.0,0.0,0.008325575,0.0,0.03728193,0.0,0.0,0.0,0.0,0.0,0.0,0.0,0.0,0.0,0.0,0.0,0.0,0.0,0.0,0.0,0.0,0.0,0.0,0.0,0.0,0.0,0.0,0.0,0.0,0.0,0.0,0.0,0.0,0.0,0.0,0.0,0.0,0.0,0.0,0.0,0.0,0.0,0.0,0.0,0.0,0.0,0.0,0.0,0.0,0.0,0.0,0.0,0.08393999,0.16788,0.08393999
ENG,0.0007258808,0.003591799,0.0,0.008696225,0.004434146,0.03310591,0.01816095,0.0,0.0,0.0,0.0,0.0,0.0,0.0,0.0,0.0,0.0,0.2962106,0.0,0.0,0.0,0.0,0.006550123,0.002620604,0.0,0.0,0.0,0.0,0.0,0.0,0.0,0.0,0.04050196,0.1681935,0.0,0.0,0.0,0.0,0.0,0.0,0.0,0.0,0.0,0.0,0.0,0.0,0.0,0.0,0.0,0.0,0.0,0.0,0.0,0.0,0.0,0.0,0.0,0.0,0.0,0.0,0.0,0.0,0.0,0.0,0.0,0.0,0.0,0.0,0.0,0.0,0.0,0.0006302702,0.0,0.0,0.0,0.0,0.0,0.0,0.0,0.0,0.0,0.1944249,1.166549,0.5832746
SAR,0.0003091009,0.001286165,0.0,0.003126102,0.004434146,0.1560359,0.01006241,0.0,0.0,0.0,0.0001461351,0.001795857,0.0,0.0,0.0,0.0,0.0,0.06545959,0.0,0.0,0.0,0.0,0.006458422,0.0,0.0,0.0,0.0,0.0,0.0,0.0,0.0,0.0,0.06074262,0.01868998,0.0,0.0,0.0,0.0,0.0,0.0,0.0,0.0,0.0,0.0,0.0,0.0,0.0,0.0,0.0,0.0,0.0,0.0,0.0,0.0,0.0,0.0,0.0,0.0,0.0,0.0,0.0,0.0,0.0,0.0,0.0,2.195869e-05,0.0,0.0,0.0,0.0,1.287912e-05,0.01111968,0.0,0.00116518,0.0004118854,4.063331e-06,0.004817505,0.0,0.0001917257,2.321363e-05,0.000355317,0.1400617,0.8403702,0.4201851
EPI,0.000216411,0.01738689,0.0,4.116e-06,0.0004434146,0.0,5.719985e-05,0.0,0.0,0.006182883,0.0002713937,2.850567e-05,0.0,0.0,0.0,0.0,0.0,0.01248272,0.0,0.0004533385,0.0,0.0,0.01503908,0.01677767,0.0,0.0,0.0,0.0007582507,0.0,0.0,0.03289867,0.0,0.008426721,0.02700571,0.0,0.0,0.0,0.0,0.0,0.0,0.0,0.0,0.0,0.0,0.0,0.0,0.0,0.0,0.0,0.0,0.0,0.0,0.0,0.8291288,2.363192,0.0,0.0,0.0,0.0,0.0,0.0,0.0,0.0,0.0,0.0,0.0,0.0,0.0,0.0,0.0,0.0,0.0,0.0,0.0,0.0,0.0,0.02423219,0.0,0.0008044213,9.799479e-05,0.003658076,1.064725,6.388352,3.194176
CEBH,0.0,0.001019469,0.0,0.001034586,0.0,0.001460555,0.002369027,0.0,0.0,0.0,0.001795374,0.0006366265,7.36212e-05,0.0,0.0,0.0,0.0,0.01481203,0.00691429,0.02858191,0.07470668,0.0,0.0006244452,0.003249162,0.03109952,0.0,0.0,0.0,0.0,0.0,0.1002437,0.0,0.0,0.09449548,0.0,0.0,0.0,0.0,0.0,0.0,0.0,0.0,0.0,0.0,0.0,0.0,0.0,0.0,0.0,0.0,0.0,0.0,0.0,0.0,0.0,0.0,0.0,0.0,0.0,0.0,0.0,0.0,0.0,0.0,0.0,0.0002188566,1.572504e-05,0.00300703,2.451698e-05,0.0001940764,2.160195e-05,0.002069709,8.159861e-05,6.333636e-05,0.0007266831,1.77348e-05,0.05656534,0.009726223,0.01094832,0.002661318,0.005321148,0.2239172,0.5597929,0.3358757
CEBS,0.0,0.008603112,0.0,0.00047187,0.0001182439,0.03137758,0.006873515,0.0,0.0,0.0,0.0,0.0,0.0,0.0,0.0,0.0,0.0,0.0,0.006262704,0.02522505,0.00495174,0.0,0.0004061077,0.0,0.003961722,0.0,0.0,0.0,0.0,0.0,0.007500421,0.06647716,0.0,0.030845,0.0,0.0,0.0,0.0,0.0,0.0,0.0,0.0,0.0,0.0,0.0,0.0,0.0,0.0,0.0,0.0,0.0,0.0,0.0,0.0,0.0,0.0,0.0,0.0,0.0,0.0,0.0,0.0,0.0,0.0,0.0,0.0,0.0008033296,0.0001473093,0.01040469,0.03103651,0.0,0.0,3.997372e-06,0.0,0.0,0.0,0.0,0.02528576,0.0,0.0,0.0,0.3347984,0.8369958,0.5021975
CEPH,0.0,0.05727952,0.00140725,0.00303849,1.478049e-05,0.00584222,0.01872342,0.0,0.0,0.0,0.001795374,0.0004370869,0.0,0.0,0.0,0.0,0.0,0.02717529,0.0,0.0002482568,0.0046288,0.0,0.001873336,0.0134318,0.0,0.0,0.0,0.0,0.0,0.0,0.03968477,0.0,0.07950653,0.03435754,0.0,0.0,0.0,0.0,0.0,0.0,0.0,0.0,0.0,0.0,0.0,0.0,0.0,0.0,0.0,0.0,0.0,0.0,0.0,0.0,0.0,0.0,0.0,0.0,0.0,0.0,0.0,0.0,0.0,0.0,0.0,0.0,0.0,0.0,0.0,0.0,0.0,0.002218846,0.0,0.0,0.0,0.0,0.002458129,0.0,0.03427943,4.96008e-05,4.193153e-05,0.04733799,0.118345,0.07100698
CEPS,0.0,0.1316104,0.0,0.009147811,0.01841649,0.01679638,0.00645405,0.0,0.0,0.0,0.0,0.0008646719,0.0,0.0,0.0,0.0,0.0,0.06584781,0.0,0.01673035,0.0,0.0,0.001462861,0.0,0.008319616,0.0,0.0,0.0,0.0,0.0,0.03968477,0.0,0.0,0.07735755,0.0,0.0,0.0,0.0,0.0,0.0,0.0,0.0,0.0,0.0,0.0,0.0,0.0,0.0,0.0,0.0,0.0,0.0,0.0,0.0,0.0,0.0,0.0,0.0,0.0,0.0,0.0,0.0,0.0,0.0,0.0,0.0,0.0,0.0001377021,0.0,0.0,0.0,0.009708531,3.736681e-06,0.0,0.0,0.0,0.0,0.0,0.0,0.0,0.0,0.08833307,0.2208327,0.1324996
DNS,0.0,0.008065418,0.0,1.3818e-05,0.001303146,0.001156273,0.0003574991,0.0,0.0,0.006182883,0.04450857,0.04337422,0.0,0.0,0.0,0.002142,0.01909883,0.06844589,0.004181901,0.05294346,0.05027092,0.002429935,0.0007685479,0.004042112,0.07527272,0.004222449,0.0,0.0,0.0,0.0,0.01142921,0.0955742,0.0,0.1277094,1.510174,0.005588256,0.3853467,0.0,0.03632395,0.07876801,0.0,0.0,0.0,0.0,0.0,0.0,0.0,0.0,0.0,0.0,0.0,0.0,0.0,0.0,0.0,0.0,0.0,0.0,0.0,0.0,0.0,0.0,0.0,0.0,0.0,0.0,0.0001139716,0.002254472,0.001036205,0.01640347,0.0,0.01085502,6.117723e-05,0.0,0.0,0.0,0.0,0.003687209,0.008487208,0.0,0.0,0.8199546,2.049886,1.229932
DNH,0.0,5.161867e-05,0.0,0.0,0.0,0.0,0.008665777,0.0,0.0,0.0,0.0,0.0,0.0,0.0,0.0,0.1349768,0.004035688,0.08579627,0.001894941,0.000712389,0.1442463,0.06593661,0.002785986,0.02779194,0.0170354,0.0,0.0,0.2322522,0.0,0.0,0.1009184,0.0,0.0,0.002058512,0.04641571,0.0,0.02257261,0.0,0.0,0.0,0.0,0.0,0.0,0.0,0.0,0.0,0.0,0.0,0.0,0.0,0.0,0.0,0.0,0.0,0.0,0.0,0.0,0.0,0.0,0.0,0.0,0.0,0.0,0.0,0.0,0.001232252,0.0,0.002664376,0.0,0.0,0.0007210094,0.06086532,7.230037e-05,0.003158492,0.05356332,0.001724145,0.01404879,0.0,0.003133492,0.0002810321,9.049744e-05,0.2150841,0.5377103,0.3226262
DRS,0.0,0.0,0.0,0.0,0.0,0.0002434258,0.0,0.0,0.0,0.0,0.0,0.0004940982,0.0,0.0,0.0,0.0,0.0,0.0109597,0.0,0.003561945,0.0448886,0.0,0.0,0.0,0.003763636,0.0,0.0,0.0,0.0,0.0,0.0,0.9600746,0.0,0.03564819,0.03745068,0.005588256,0.3167076,0.0,0.004639136,0.0513,0.0,0.0,0.0,0.0,0.0,0.0,0.0,0.0,0.0,0.0,0.0,0.0,0.0,0.0,0.0,0.0,0.0,0.0,0.0,0.0,0.0,0.0,0.0,0.0,0.0,0.0,0.0007206836,0.0006116537,0.0002010718,0.001750537,0.0,0.002753305,1.659779e-05,0.0,0.0,0.0,0.003627264,0.002947113,1.229688e-06,1.543237e-07,1.304622e-07,0.3444785,0.8611962,0.5167177
DRH,0.0,0.0008947236,0.00773825,0.0,0.0,0.0003651387,0.0007674313,0.0,0.0,0.0,4.175288e-05,0.004144724,0.0,0.0,0.0,0.0,0.0,0.0,0.0004892237,0.0001187315,0.02820338,0.0,1.310025e-05,0.06595025,0.01980861,0.0,0.0,0.0,0.0,0.0,0.08857641,0.0,0.0,0.0,0.01735167,0.0,0.0,0.0,0.0,0.0,0.0,0.0,0.0,0.0,0.0,0.0,0.0,0.0,0.0,0.0,0.0,0.0,0.0,0.0,0.0,0.0,0.0,0.0,0.0,0.0,0.0,0.0,0.0,0.0,0.0,0.0006029751,0.0,0.000563618,0.0,0.0,0.0003535608,0.02685258,1.529431e-05,0.01455806,0.04986104,0.0001292923,0.01811544,0.0,7.036127e-05,8.793805e-06,7.434106e-06,0.10603,0.2650749,0.1590449
ARF,0.0,0.0,0.0,0.0,0.0,0.0,0.0,0.0,0.0,0.0,0.0007724282,0.0,0.0,0.0,0.0,0.0,0.0,0.0,0.0,6.476264e-05,0.0,0.0,0.0,0.0,0.01782775,0.0,0.0,0.0,0.0,0.0,0.0,0.0,0.0,0.0,0.002458153,0.0,0.0,0.0,0.0,0.0,0.0,0.0,0.0,0.0,0.0,0.0,0.0,0.0,0.0,0.0,0.0,0.0,0.0,0.0,0.0,0.0,0.0,0.0,0.0,0.0,0.0,0.0,0.0,0.0,0.0,0.0,0.0,0.0002209639,0.0,0.0,0.0,0.0,5.996069e-06,0.0,0.0,0.0,0.0,0.0,0.0,0.0,0.0,0.08267619,0.2066905,0.1240143
PWL,0.0,0.0,0.0,0.0,0.0,0.0,0.0,0.0,0.0,0.0,0.002651308,0.003236343,0.0001138675,0.0,0.0,0.0,0.0,0.02986295,0.0,8.635018e-05,0.0,0.0001313478,1.7467e-05,9.670125e-06,0.0007923444,0.0,0.0,0.0,0.0,0.0,0.0,0.0,0.0,0.0,0.0,0.0,0.0,0.0,0.0,0.0,0.0,0.0,0.0,0.0,0.0,0.0,0.0,0.0,0.0,0.0,0.0,0.0,0.0,0.0,0.0,0.0,0.0,0.0,0.0,0.0,0.0,0.0,0.0,0.0,0.0,0.0,0.0,0.0,0.0,0.0,0.0,0.003251905,0.0,0.0,0.0,0.0,0.0005700538,0.0,4.628913e-06,5.758293e-07,4.867945e-07,0.05502903,0.05502903,0.1650871
SUP,0.0,0.0003226167,0.0065,2.7342e-05,0.0,0.01071073,0.01369936,0.004308433,0.0,0.01236577,0.002797443,0.0007658522,0.0,0.01665597,0.067411,0.004396,0.0006857976,0.07179055,0.00156167,0.2138462,3.340917,1.968247,0.003026157,0.196613,5.473912,0.01547506,0.07986795,0.04352359,4.681543,1.895994,2.197663,1.845347,0.1337742,0.08972496,1.444816,1.092235,0.8020186,0.4909275,0.291596,0.104412,0.01426856,0.0,0.0,0.0,0.0,0.0,0.0,0.0,0.0,0.0,0.0,0.0,0.0,0.0,0.0,0.0,0.0,0.0,0.0,0.0,0.0,0.0,0.0,0.0,0.0,0.0003505618,0.002797468,0.009701001,0.00139968,0.01169982,0.0002058466,0.01205308,0.000287868,0.0005934818,0.06827383,0.0001023701,0.01157385,0.06026031,0.004671684,0.0003044982,0.0002651164,7.684413,7.684413,23.05324
Mb_O,0.0,0.0,0.007499049,0.0,0.0,0.0108933,0.0110348,0.0,0.0,0.0,0.01016683,0.0001843366,0.0,0.004163992,0.01744209,0.0219716,0.01003789,0.06336919,0.01181721,0.03777821,0.1076465,0.1695044,0.008484595,0.09692366,1.57419,0.04507574,0.0,0.06854586,0.0,0.03052871,0.3732749,0.1917856,0.05679775,0.004084348,0.0001445972,0.2496446,0.6142206,0.1410075,0.4504505,0.351996,0.1664665,0.0351191,0.0,0.0,0.6672499,0.0543765,0.2856743,0.0,0.04072973,0.0,0.0,0.6934976,0.0,0.0,0.0,0.0,0.0,0.0,0.0,0.0,0.0,0.0,0.0,0.0,0.0,0.001701124,7.126603e-05,0.01679983,5.927122e-05,0.0001986295,0.007080174,0.07681833,0.01955387,0.002583782,0.09914376,0.0004622721,0.01037425,0.00155421,0.008603085,0.0003348457,0.0001936087,1.760222,4.400556,2.640334
Mb_FF,0.0,0.0,0.00780845,0.0,0.0,0.0,0.01496253,0.01301083,0.0,0.0,0.0,0.0,0.0,0.0,0.02265786,0.006627599,0.01356701,0.0,0.0004123152,0.0,0.01668521,0.0,0.0,0.02686361,0.004159808,0.01197086,0.0,0.008113283,0.0,0.0,0.03555755,0.0,0.0,0.0,0.03499253,0.01074665,0.1367409,0.15264,0.007197835,0.07068,0.0,1.357002,0.0,0.0,0.4502774,0.005704795,0.1288987,0.0,0.01837761,0.0,0.0,0.0,0.0,0.0,0.0,0.0,0.0,0.0,0.0,0.0,0.0,0.0,0.0,0.0,0.0,0.0001078338,1.775852e-07,0.0,2.768709e-07,2.192619e-06,0.0003972829,0.00405036,0.0,0.000192621,0.002127891,2.074287e-05,0.001498978,0.0001012754,0.0005636307,6.077343e-05,5.309364e-05,0.6704493,1.676123,1.005674
Mb_DF,0.0,0.0,0.0001404,1.3818e-05,0.0,6.085645e-05,0.0001811329,0.0,0.0,0.0,0.0,0.0,0.0,0.0,0.01720749,0.08561,0.02009766,0.0,0.03987066,0.0001834941,0.1758944,0.0,0.0,0.05194791,0.09765645,0.0,0.0,0.0,0.0,0.0,0.03055727,0.0,0.05163432,0.004084348,0.2753131,0.005373324,0.6010917,0.0,0.0,0.12198,0.2584195,4.221315,0.0,0.0,2.958527,0.1253225,0.4177813,0.0,0.05956476,0.0,0.0,0.0,0.0,0.0,0.0,0.0,0.0,0.0,0.0,0.0,0.0,0.0,0.0,0.0,0.0,4.296299e-07,2.781668e-06,0.0005091776,4.336915e-06,3.433073e-05,2.523995e-07,1.012822e-05,1.381702e-05,7.276996e-07,0.0003398588,7.957512e-08,0.007188481,0.001722014,0.002470349,0.0001290792,0.0001118876,2.637398,6.593494,3.956097
Mb_C,0.0,0.0,0.0,0.0,0.0,0.0,0.0,0.0,0.0,0.0,0.0,0.0,0.0,0.008327983,0.02050094,0.0228564,0.0127491,0.0,0.01448551,0.0003130194,0.0122717,0.0,0.0,0.02146768,0.0003961722,0.0,0.0,0.0,0.0,0.0,0.03789895,0.02077146,0.005163432,0.002058512,0.04048723,0.01611997,0.1553211,0.0,0.0,0.07068,1.36344,1.172275,0.0,0.0,0.01801505,0.02277852,0.07336017,0.0,0.01045926,0.0,0.0,0.0,0.0,0.0,0.0,0.0,0.0,0.0,0.0,0.0,0.0,0.0,0.0,0.0,0.0,0.0,0.0,0.0,0.0,0.0,0.0,0.0,0.0,0.0,0.0,0.0,0.0,0.0,0.0,0.0,0.0,0.580713,1.161426,0.580713
Mb_PAR,0.0,0.0,0.0,0.0,0.0,0.0001217129,0.0,0.0,0.0,0.0,0.0,0.0,0.0,0.0,0.001043154,0.0,0.0002339285,0.0,0.0,0.0,0.003767628,0.0,0.0,0.001402168,0.0,0.0,0.0,0.0,0.0,0.0,0.0,0.0,0.0,0.0,0.0,0.0,0.0,0.0,0.0,0.0,0.0,0.01966669,0.0,0.0,0.05661874,0.0,0.008001149,0.0,0.001140756,0.0,0.0,0.0,0.0,0.0,0.0,0.0,0.0,0.0,0.0,0.0,0.0,0.0,0.0,0.0,0.0,0.0,0.0,0.0,0.0,0.0,0.0,0.0,0.0,0.0,0.0,0.0,0.0,0.0,0.0,0.0,0.0,0.01885722,0.04714305,0.02828583
Mb_SCA,0.0,0.0,0.0,0.0,0.0,0.0,0.0,0.0,0.0,0.0,0.0,0.0,0.0,0.0,0.004051903,3.08e-05,0.001049312,0.0,0.008461006,7.555641e-05,0.02691163,0.0,0.0,0.005869766,0.06021818,0.0,0.0,0.0,0.0,0.0,0.03789895,0.02077146,0.05031248,0.0,0.004337917,0.1074665,0.0,0.0,0.0,0.0,0.0,0.0,0.0,0.0,0.01573843,0.006953101,0.0223993,0.0,0.003193559,0.0,0.0,0.0,0.0,0.0,0.0,0.0,0.0,0.0,0.0,0.0,0.0,0.0,0.0,0.0,0.0,0.0,0.0,0.0,0.0,0.0,0.0,0.0,0.0,0.0,0.0,0.0,0.0004409863,0.0,3.271235e-05,3.758696e-06,3.223115e-06,0.08493506,0.2123377,0.1274026
Mb_H,0.0,0.0,0.0,0.0,0.0,0.0,0.0,0.0,0.0,0.0,0.0,0.0,0.0,0.0,0.0,0.0,0.0,0.0,0.0,0.0,0.0,0.0,0.0,0.0001305467,0.0,0.0,0.0,0.0,0.0,0.0,0.0,0.0,0.0,0.0,0.0,0.0,0.0,0.0,0.0,0.0,0.0,0.0,0.0,0.0,0.0008908544,0.000837625,0.002699654,0.0,0.0003849006,0.0,0.0,0.0,0.0,0.0,0.0,0.0,0.0,0.0,0.0,0.0,0.0,0.0,0.0,0.0,0.0,0.0,0.0,0.0,0.0,0.0,0.0,0.0,0.0,0.0,0.0,0.0,0.0,0.0,0.0,0.0,0.0,0.001854527,0.004636317,0.00278179
Mb_GRA,0.0,0.0,0.0259298,0.0,0.0,0.0,0.0,0.0,0.0,0.0,0.0,0.0,0.0,0.0,0.0,0.0,0.0,0.0,0.0,0.0,0.0,0.0,0.0,2.901037e-05,0.0,0.0,0.0,0.0,0.0,0.0,0.0,0.0,0.0,0.0,0.0,0.0,0.0,0.0,0.0,0.0,0.0,0.0,0.0,0.0,0.01573843,0.001382488,0.004460298,0.0,0.0,0.0,0.0,0.0,0.0,0.0,0.0,0.0,0.0,0.0,0.0,0.0,0.0,0.0,0.0,0.0,0.0,0.0,0.0,0.0,0.0,0.0,0.0,0.0,0.0,0.0,0.0,0.0,0.0,0.0,0.0,0.0,0.0,0.01155149,0.02887871,0.01732723
Mb_SF,0.0,0.0,0.0,0.0,0.0,0.0,0.0,0.0,0.0,0.0,0.0,0.0,0.0,0.0,0.0,0.0,0.0,0.01415504,0.0,0.0005936575,0.0,0.0,0.0,1.934025e-05,0.0,0.0,0.0,0.0,0.0,0.0,0.0,0.0,0.0,0.0,0.01518271,0.0,0.0,0.0,0.0,0.0,0.0,0.0,0.0,0.0,0.03513926,0.001541067,0.004968929,0.0,0.0007084402,0.0,0.0,0.0,0.0,0.0,0.0,0.0,0.0,0.0,0.0,0.0,0.0,0.0,0.0,0.0,0.0,0.0,0.0,0.0,0.0,0.0,0.0,0.0,0.0,0.0,0.0,0.0,0.0,0.0,0.0,0.0,0.0,0.07158098,0.1789524,0.1073715
Mb_PF,0.0,0.0,0.0,0.0,0.0,0.0,0.0,0.0,0.0,0.0,0.0,0.0,0.0,0.0,0.0,0.0,0.0,0.0,0.0,0.0,0.0,0.0,0.0,0.0,0.0,0.0,0.0,0.0,0.0,0.0,0.0,0.0,0.0,0.0,0.0,0.0,0.0,0.0,0.0,0.0,0.0,0.0,0.0,0.0,0.0,0.0003252912,0.001036824,0.0,0.0001478241,0.0,0.0,0.0,0.0,0.0,0.0,0.0,0.0,0.0,0.0,0.0,0.0,0.0,0.0,0.0,0.0,0.0,0.0,0.0,0.0,0.0,0.0,0.0,0.0,0.0,0.0,0.0,0.0,0.0,0.0,0.0,0.0,0.0003562457,0.0008906142,0.0005343686
BO,0.0,0.0,0.0,0.0,0.0,0.0,0.0,0.0,0.0,0.0,0.0,0.0,0.0,0.008327983,0.004559814,0.0,0.0001119154,0.0,3.631791e-05,1.079377e-05,0.02992573,0.3283696,0.0,0.001885674,0.0,0.0,0.0,0.0,0.0,0.0,0.257316,0.0,0.0,0.0,0.2462491,0.1074665,0.2462257,0.01377,0.03096743,0.012828,0.3598848,0.009130965,0.0,0.0,0.1312526,0.001809433,0.005829688,0.0,0.0008311621,0.0,0.0,0.0,0.0,0.0,0.0,0.0,0.0,0.0,0.0,0.0,0.0,0.0,0.0,0.0,0.0,0.0,0.0,0.0,0.0,0.0,0.0,0.0,0.0,0.0,0.0,0.0,0.0,0.0,0.0,0.0,0.0,0.07407814,0.5926251,0.8148596
EUP,2.464562e-05,0.0,0.0,0.0,0.001044488,6.085645e-05,0.06264337,0.0,0.03938974,0.08037747,0.01732744,0.00110792,0.0004957161,0.0,0.0,0.0,0.0,0.1493148,0.0,0.1472918,1.269368,0.927447,0.0008864502,0.04954005,0.7424268,0.0,0.07986795,0.6423142,0.0,0.3213549,0.0,0.0,0.05070491,0.0,0.01865304,0.01112278,0.6015524,0.0,0.07227726,0.070536,0.4946434,0.0,0.0,0.0,0.0,0.0,0.0,0.0,0.0,0.0,0.0,0.0,0.0,0.0,0.0,0.0,0.0,0.0,0.0,0.0,0.0,0.0,0.0,0.0,0.0,0.0,1.607181e-05,0.003644303,2.507441e-05,0.03664508,0.0,0.0,9.88916e-05,0.0,0.0,0.0,0.0,0.0002241032,0.0001062139,0.0,0.0,0.32564,3.2564,2.93076
ZG,0.0,0.0,0.0,0.0,5.665853e-05,0.0,0.001577763,0.004415342,0.0,0.0,0.0,0.0,0.0,0.0,0.0,0.0,0.0,0.0003284925,0.0,0.0,0.001076465,0.0,0.0,0.0,0.0,0.589467,0.0,0.0,0.0,0.8098143,0.0,0.0,0.0,0.0,0.0,0.0,0.0,0.0,0.0,0.0,0.0,0.0,0.0,0.0,0.0,0.0,0.0,0.0,0.0,0.0,0.0,0.0,0.0,0.002073859,0.1181721,0.0,0.0,0.0,0.0,0.0,0.0,0.0,0.0,0.0,0.0,0.0,3.595491e-05,0.0,0.0,0.0,0.0,0.0,0.0,0.0,0.0,0.0,0.0,0.0,9.918663e-05,0.0,0.0,0.0,0.4353033,0.4353033
ZL,0.0,0.05721069,0.0,0.0,6.404878e-05,0.01947406,0.003365258,0.0,0.0,0.0,0.0,0.0,0.0,0.0,0.004728359,0.0,0.0,0.2986296,0.0,0.03700105,0.0001076465,0.0,0.0,1.934025e-05,0.2044249,0.5077386,0.0,0.3480371,0.2846195,0.1606774,0.0,0.0,0.0,0.08928385,2.719151,0.0,0.1402726,0.0,0.05064788,0.161292,0.0,0.0,0.0,0.0,0.0,0.0,0.0,0.0,0.0,0.0,0.0,0.0,0.0,0.2073029,1.181471,0.0,0.0,0.0,0.0,0.0,0.0,0.0,0.0,0.0,0.0,0.0,0.0,1.921424e-05,0.0,0.0,0.0,0.0,5.213973e-07,0.0,0.0,0.0,0.0,0.0,0.0,0.0,0.0,0.0,4.674572,1.168643
ZM,0.0001120256,0.02150778,0.0,0.0,0.0,0.0003042823,0.0002240327,0.8043619,0.02363385,0.0,0.0,0.0,0.0,0.008327983,0.0,0.0,0.0,0.1468063,6.622678e-05,0.03886838,0.4811799,0.0,0.001406093,0.06001279,3.027746,0.3493315,0.0798535,3.743332,0.3445016,4.981,0.0,0.0,0.017566,0.0,0.01445972,0.0,0.1099455,0.0,0.03250982,0.041268,0.0,0.0,0.0,0.0,0.0,0.0,0.0,0.0,0.0,0.0,0.0,0.0,3.101333,0.4145644,1.417816,0.0,0.0,0.0,0.0,0.0,0.0,0.0,0.0,0.0,0.0,0.0,0.0,0.001248926,0.0,0.0,0.0,0.0,3.38908e-05,0.0,0.0,0.0,0.0,0.0,0.0,0.0,0.0,0.0,18.06778,7.227114
ZS,0.0001120256,0.02150778,0.0,0.0,0.0,0.0,0.01076311,0.004329815,0.0157559,0.0,0.0,0.0,0.0,0.008327983,0.0,0.0,0.0,0.8886319,0.0,0.0,0.01765403,0.0,0.0,0.0,0.7311358,0.217935,0.0,2.274752,0.06154386,3.213549,0.0,0.0,0.04647089,0.0,0.1330295,0.07511906,0.1099455,0.0,0.0,0.0,0.0,0.0,0.0,0.0,0.0,0.0,0.0,0.0,0.0,0.0,0.0,0.0,9.304,0.8291288,4.726135,12.69366,10.80219,0.0,0.0,0.0,0.0,0.0,0.0,0.0,0.0,0.0,0.0,0.0,0.0,0.0,0.0,0.0,0.0,0.0,0.0,0.0,0.0,0.0,0.0,0.0,0.0,0.0,54.36279,21.74512
PB,0.0,0.0,0.0,0.0,0.0,0.0,0.0,0.0,0.0,0.0,0.0,0.0,0.0,0.0,0.0,0.0,0.0,0.0,0.0,0.0,0.0,0.0,0.0,0.0,0.0,0.0,0.0,0.0,0.0,1.606774,0.0,0.0,0.0,0.0,0.0,0.0,0.0,0.0,0.0,0.0,0.0,0.0,0.0,0.0,0.0,0.0,0.0,0.0,0.0,0.0,0.0,0.0,0.0,0.0,4.135524,4.689544,142.5464,0.0,0.0,0.0,0.0,0.0,0.0,0.0,0.0,0.0,0.0,0.0,0.0,0.0,0.0,0.0,0.0,0.0,0.0,0.0,0.0,0.0,0.0,0.0,0.0,0.0,42.68213,18.4119
BB,0.0,0.0,0.0,0.0,0.0,0.0,0.0,0.0,0.0,0.0,0.0,0.0,0.0,0.01661808,0.0,0.0,0.0,0.0,0.0,0.0,0.004413507,0.386491,0.0,0.0,0.4952153,0.0,0.0,0.0,0.0,0.0,0.0,0.0,0.0,0.0,1.016952,0.1074665,0.0,0.0,0.0,0.0,45.75451,0.01580359,0.0,2.417856,0.2317211,0.007152341,0.02304487,0.004335893,0.003285601,0.0,0.0,2.77399,0.0,0.0,0.0,0.0,0.0,0.0,0.0,0.0,0.0,0.0,0.0,0.0,0.0,0.0,0.0,0.0,0.0,0.0,0.0,0.0,0.0,0.0,0.0,0.0,0.0,0.0,0.0,0.0,0.0,0.0,15.16915,6.543556
PS,0.0001120256,0.0,0.0,0.0,0.0,0.0,0.0,0.008691702,0.0,0.0,0.0,0.0,0.0,0.0,0.0,0.0,0.0,0.0,0.0,0.0,0.0,0.0,0.0,0.0,0.0,0.0,0.0,0.0,0.0,3.213549,0.0,0.0,0.0,0.0,0.7229862,0.2686662,0.3838879,0.1125,0.0,0.0,15.85396,0.0,1.342958,0.0,0.0,0.0,0.0,0.0,0.0,0.10636,0.0,0.0,3.101333,0.2073029,1.181471,3.751635,94.21442,0.0,0.0,0.0,0.0,0.0,0.0,0.0,0.0,0.0,0.0,0.0,0.0,0.0,0.0,0.0,0.0,0.0,0.0,0.0,0.0,0.0,0.0,0.0,0.0,0.0,235.2504,94.10017
DF,0.0,0.0,0.0,0.0,0.0,0.0,0.0,0.0,0.0,0.0,0.0,0.0,0.0,0.0,0.0,0.0,0.0,0.0,0.0,0.0,0.0,0.0,0.0,0.0,0.0,0.0,0.0,0.0,0.0,0.0,0.0,0.0,0.0,0.0,0.0,0.0,0.0,0.0,0.0,0.0,0.0,0.0,0.0,0.0,0.0,0.0,0.0,0.0,0.0,0.0,0.0,0.0,6.202667,0.0,0.0,3.751635,0.5436941,0.0,0.0,0.0,0.0,0.0,0.0,0.0,0.0,0.0,0.0,0.0,0.0,0.0,0.0,0.0,0.0,0.0,0.0,0.0,0.0,0.0,0.0,0.0,0.0,0.0,0.05176367,0.02070547
PL,0.0001120256,0.0,0.0,0.0,0.0,0.0,0.0,0.0,0.0,0.0,0.0,0.0,0.0,0.0,0.0,0.0,0.0,0.0,0.0,0.0,0.0,0.0,0.0,0.0,0.0,0.0,0.0,0.0,0.005927266,1.606774,0.0,0.0,0.0,0.0,0.7229862,0.2686662,0.3838879,0.1125,0.0,0.0,15.91896,0.0,1.342958,0.0,0.0,0.0,0.0,0.0,0.0,0.10636,0.0,0.0,6.202667,0.2073029,1.181471,54.08544,20.75298,0.0,0.0,0.0,0.0,0.0,0.0,0.0,0.0,0.0,0.0,0.0,0.0,0.0,0.0,0.0,0.0,0.0,0.0,0.0,0.0,0.0,0.0,0.0,0.0,0.0,155.9252,58.8397
MB,0.0,0.0,0.0,0.0,0.0,0.0,0.0,0.0,0.0,0.0,0.0,0.0,0.0,0.0,0.0,0.0,0.0,0.0,0.0,0.0,0.0,0.0,0.0,0.0,0.0,0.0,0.0,0.0,0.0,0.0,0.0,0.0,0.0,0.0,0.0,0.0,0.0,0.0,0.0,0.0,8.407352,1.553318,1.342958,6.528212,0.0,0.0,0.0,0.004335893,0.01394567,0.2127201,0.001643952,1.386995,0.0,0.0,0.5908604,0.0,0.0,0.0,0.0,0.0,0.0,0.0,0.0,0.0,0.0,0.0,0.0,0.0,0.0,0.0,0.0,0.0,0.0,0.0,0.0,0.0,0.0,0.0,0.0,0.0,0.0,0.0,0.0,2.226925
SG,0.0,0.0,0.0,0.0,0.0,0.0,0.0,0.0,0.0,0.0,0.0,0.0,0.0,0.0,0.0,0.0,0.0,0.0,0.0,0.0,0.0,0.0,0.0,0.0,0.0,0.0,0.0,0.0,0.0,0.0,0.0,0.0,0.0,0.0,0.0,0.0,0.0,0.0,0.0,0.0,0.06341582,1.564556,0.0,7.253569,0.0,0.0,0.0,0.001734357,0.01394567,0.0,0.0,0.0,0.0,0.0,0.0,0.0,0.0,0.0,0.0,0.0,0.0,0.0,0.0,0.0,0.0,0.0,0.0,0.0,0.0,0.0,0.0,0.0,0.0,0.0,0.0,0.0,0.0,0.0,0.0,0.0,0.0,0.0,26.64811,62.17892
MA,0.0,0.0,0.0014768,0.0,0.0,0.0,0.0,0.0,0.0,0.0,0.0,0.0,0.0,0.0,0.0,0.0,0.0,0.0,0.0,0.0,0.0,0.0,0.0,0.007562038,0.0,0.0,0.0,0.0,0.0,0.3213549,0.0,0.0,0.02119073,0.0,0.0,0.2149329,0.0,0.056655,0.0,0.0,6.043528,1.548401,0.0,5.536891,0.0,0.0,0.0,0.01560922,0.01451745,0.0,0.0,0.0,0.0,0.0,0.0,0.0,0.0,0.0,0.0,0.0,0.0,0.0,0.0,0.0,0.0,0.0,0.0,0.0,0.0,0.0,0.0,0.0,0.0,0.0,0.0,0.0,0.0,0.0,0.0,0.0,0.0,0.0,6.166013,14.38736
Bathyraja_brachyurops,0.0,0.0,0.0,0.0,0.0,0.0,0.0,0.0,0.0,0.0,0.0,0.0,0.0,0.0,0.0,0.0,0.0,0.0,0.0,0.0,0.0,0.0,0.0,0.0,0.0,0.0,0.0,0.0,0.0,0.0,0.0,0.0,0.0,0.0,0.0,0.0,0.0,0.0,0.0,0.0,0.0,0.0,0.0,0.0,0.0,0.0,0.0,0.0,0.0,0.0,0.0,0.0,0.0,0.0,0.0,0.0,0.0,0.0,0.0,0.0,0.0,0.0,0.0,0.0,0.0,0.0,0.0,0.0,0.0,0.0,0.0,0.0,0.0,0.0,0.0,0.0,0.0,0.0,0.0,0.0,0.0,0.001779551,0.003559101,0.001779551
Dalatias_licha,0.0,0.0,0.0,0.0,0.0,0.0,0.0,0.0,0.0,0.0,0.0,0.0,0.0,0.0,0.0,0.0,0.0,0.0,0.0,0.0,0.0,0.0,0.0,0.0,0.0,0.0,0.0,0.0,0.0,0.0,0.0,0.0,0.0,0.0003461583,0.0,0.0,0.0,0.0,0.0,0.0,0.0,0.0,0.0,0.0,0.0,0.0,0.0,0.0,0.0,0.0,0.0,0.0,0.0,0.0,0.0,0.0,0.0,0.0,0.0,0.0,0.0,0.0,0.0,0.0,0.0,0.0,0.0,0.0,0.0,0.0,0.0,0.0,0.0,0.0,0.0,0.0,0.0,0.0,0.0,0.0,0.0,0.001045743,0.002091485,0.001045743
Dipturus_oxyrinchus,0.0,0.0,0.0,0.0,0.0,0.0,0.0,0.0,0.0,0.0,0.0,0.0,0.0,0.0,0.0,0.0,0.0,0.0,0.0,0.0,0.0,0.0,0.0,0.0,0.0,0.0,0.0,0.0,0.0,0.0,0.0,0.0,0.0,0.0,0.0,0.0,0.0,0.0,0.0,0.0,0.0,0.0,0.0,0.0,0.0,0.0,0.0,0.0,0.0,0.0,0.0,0.0,0.0,0.0,0.0,0.0,0.0,0.0,0.0,0.0,0.0,0.0,0.0,0.0,0.0,0.0,0.0,0.0,0.0,0.0,0.0,0.0,0.0,0.0,0.0,0.0,0.0,0.0,0.0,0.0,0.0,0.003579189,0.007158379,0.003579189
Etmopterus_spinax,0.0,0.0,0.0,0.0,0.0,0.0,0.0,0.0,0.0,0.0,0.0,0.0,0.0,0.0,0.0,0.0,0.0,0.0,0.0,0.0,0.0,0.0,0.0,0.0,0.0,0.0,0.0,0.0,0.0,0.0,0.0,0.0,0.0,0.0009118062,0.0,0.0,0.0,0.0,0.0,0.0,0.0,0.0,0.0,0.0,0.0,0.0,0.0,0.0,0.0,0.0,0.0,0.0,0.0,0.0,0.0,0.0,0.0,0.0,0.0,0.0,0.0,0.0,0.0,0.0,0.0,0.0,0.003245132,0.0,0.0,0.0,0.0,0.0,0.0,0.0,0.0,0.0,0.0,0.0,0.0,0.0,0.0,0.001127967,0.002255934,0.001127967
Galeus_melastomus,0.0,0.0,0.0,0.0,0.0,0.0,0.0,0.0,0.0,0.0,0.0,0.0,0.0,0.0,0.0,0.0,0.0,0.0,0.0,0.0,0.0,0.0,0.0,0.0,0.0,0.0,0.0,0.0,0.0,0.0,0.0,0.0,0.0,0.006795138,0.0,0.0,0.0,0.0,0.0,0.0,0.0,0.0,0.0,0.0,0.0,0.0,0.0,0.0,0.0,0.0,0.0,0.0,0.0,0.0,0.0,0.0,0.0,0.0,0.0,0.0,0.0,0.0,0.0,0.0,0.0,0.0,0.003402252,0.0,0.0,0.0,0.0,0.0,0.0,0.0,0.0,0.0,0.0,0.0,0.0,0.0,0.0,0.01392631,0.02785263,0.01392631
Myliobatis_aquila,0.0,0.0,0.0,0.0,0.0,0.0,0.0,0.0,0.0,0.0,0.0,0.0,0.0,0.0,0.0,0.0,0.0,0.0,0.0,0.0,0.0,0.0,0.0,0.0,0.0,0.0,0.0,0.0,0.0,0.0,0.0,0.0,0.0,0.0,0.0,0.0,0.0,0.0,0.0,0.0,0.0,0.0,0.0,0.0,0.0,0.0,0.0,0.0,0.0,0.0,0.0,0.0,0.0,0.0,0.0,0.0,0.0,0.0,0.0,0.0,0.0,0.0,0.0,0.0,0.0,0.0,0.0,0.0,0.0,0.0,0.0,0.0,0.0,0.0,0.0,0.0,0.0,0.0,0.0,0.0,0.0,0.001438178,0.002876356,0.001438178
RSH_C1,0.0,0.0,0.0,0.0,0.0,0.0,0.0,0.0,0.0,0.0,0.0,0.0,0.0,0.0,0.0,0.0,0.0,0.0,0.0,0.0,0.0,0.0,0.0,0.0,0.0,0.0,0.0,0.0,0.0,0.0,0.0,0.0,0.0,0.0,0.0,0.0,0.0,0.0,0.0,0.0,0.0,0.0,0.0,0.0,0.0,0.0,0.0,0.0,0.0,0.0,0.0,0.0,0.0,0.0,0.0,0.0,0.0,0.0,0.0,0.0,0.0,0.0,0.0,0.0,0.0,0.0,0.0,0.0004323206,0.0,0.0,0.0,0.0,1.173143e-05,0.0,0.0,0.0,0.0,0.0,0.0,0.0,0.0,0.04328693,0.08657385,0.04328693
RSS_C1,0.0,0.0,0.0,0.0,0.0,0.0,0.0,0.0,0.0,0.0,0.0,0.0,0.0,0.0,0.0,0.0,0.0,0.0,0.0,0.0,0.0,0.0,0.0,0.0,0.0,0.0,0.0,0.0,0.0,0.0,0.0,0.0,0.0,0.0,0.0,0.0,0.0,0.0,0.0,0.0,0.0,0.0,0.0,0.0,0.0,0.0,0.0,0.0,0.0,0.0,0.0,0.0,0.0,0.0,0.0,0.0,0.0,0.0,0.0,0.0,0.0,0.0,0.0,0.0,0.0,0.0,0.0,0.0,0.0,0.0,0.0,0.0,0.0,0.0,0.0,0.0,0.0,0.0,0.0,0.0,0.0,0.002284386,0.004568772,0.002284386
Raja_asterias,0.0,0.0,0.0,0.0,0.0,0.0,0.0,0.0,0.0,0.0,0.0,0.0,0.0,0.0,0.0,0.0,0.0,0.0,0.0,0.0,0.0,0.0,0.0,0.0,0.0,0.0,0.0,0.0,0.0,0.0,0.0,0.0,0.0,0.0,0.0,0.0,0.0,0.0,0.0,0.0,0.0,0.0,0.0,0.0,0.0,0.0,0.0,0.0,0.0,0.0,0.0,0.0,0.0,0.0,0.0,0.0,0.0,0.0,0.0,0.0,0.0,0.0,0.0,0.0,0.0,0.0,0.0,0.0,0.0,0.0,0.0,0.0,0.0,0.0,0.0,0.0,0.0,0.0,0.0,0.0,0.0,0.003727193,0.007454387,0.003727193
Raja_miraletus,0.0,0.0,0.0,0.0,0.0,0.0,0.0,0.0,0.0,0.0,0.0,0.0,0.0,0.0,0.0,0.0,0.0,0.0,0.0,0.0,0.0,0.0,0.0,0.0,0.0,0.0,0.0,0.0,0.0,0.0,0.0,0.0,0.0,0.0,0.0,0.0,0.0,0.0,0.0,0.0,0.0,0.0,0.0,0.0,0.0,0.0,0.0,0.0,0.0,0.0,0.0,0.0,0.0,0.0,0.0,0.0,0.0,0.0,0.0,0.0,0.0,0.0,0.0,0.0,0.0,0.0,0.0,0.0,0.0,0.0,0.0,0.0,0.0,0.0,0.0,0.0,0.0,0.0,0.0,0.0,0.0,0.04046094,0.08092187,0.04046094
Raja_polystigma,0.0,0.0,0.0,0.0,0.0,0.0,0.0,0.0,0.0,0.0,0.0,0.0,0.0,0.0,0.0,0.0,0.0,0.0,0.0,0.0,0.0,0.0,0.0,0.0,0.0,0.0,0.0,0.0,0.0,0.0,0.0,0.0,0.0,0.0,0.0,0.0,0.0,0.0,0.0,0.0,0.0,0.0,0.0,0.0,0.0,0.0,0.0,0.0,0.0,0.0,0.0,0.0,0.0,0.0,0.0,0.0,0.0,0.0,0.0,0.0,0.0,0.0,0.0,0.0,0.0,0.0,0.0,0.0,0.0,0.0,0.0,0.0,0.0,0.0,0.0,0.0,0.0,0.0,0.0,0.0,0.0,0.0004213738,0.0008427476,0.0004213738
SSH_C1,0.0,0.0,0.0,0.0,0.0,0.0,0.0,0.0,0.0,0.0,0.0,0.0,0.0,0.0,0.0,0.0,0.0,0.0,0.0,0.0,0.0,0.0,0.0,0.0,0.0,0.0,0.0,0.0,0.0,0.0,0.0,0.0,0.0,0.0,0.0,0.0,0.0,0.0,0.0,0.0,0.0,0.0,0.0,0.0,0.0,0.0,0.0,0.0,0.0,0.0,0.0,0.0,0.0,0.0,0.0,0.0,0.0,0.0,0.0,0.0,0.0,0.0,0.0,0.0,0.0,0.0,0.0002123635,0.0,0.0003329159,0.002908567,0.0,7.492022e-05,0.0,0.0,0.0,0.0,0.0,0.004844189,0.0,0.0,0.0,0.02687057,0.05374113,0.02687057
SSS_C1,0.0,0.0,0.0,0.0,0.0,0.0,0.0,0.0,0.0,0.0,0.0,0.0,0.0,0.0,0.0,0.0,0.0,0.0,0.0,0.0,0.0,0.0,0.0,0.0,0.0,0.0,0.0,0.0,0.0,0.0,0.0,0.0,0.0,0.00439599,0.0,0.0,0.0,0.0,0.0,0.0,0.0,0.0,0.0,0.0,0.0,0.0,0.0,0.0,0.0,0.0,0.0,0.0,0.0,0.0,0.0,0.0,0.0,0.0,0.0,0.0,0.0,0.0,0.0,0.0,0.0,0.0,0.0008883323,0.0,0.0,0.0,0.0,0.0,0.0,0.0,0.0,0.0,0.0,0.0,0.0,0.0,0.0,0.01251991,0.02503981,0.01251991
Scyliorhinus_canicula,0.0,0.0,0.0,0.0,0.0,0.0,0.0,0.0,0.0,0.0,0.0,0.0,0.0,0.0,0.0,0.0,0.0,0.0,0.0,0.0,0.0,0.0,0.0,0.0,0.0,0.0,0.0,0.0,0.0,0.0,0.0,0.0,0.0,0.0,0.0,0.0,0.0,0.0,0.0,0.0,0.0,0.0,0.0,0.0,0.0,0.0,0.0,0.0,0.0,0.0,0.0,0.0,0.0,0.0,0.0,0.0,0.0,0.0,0.0,0.0,0.0,0.0,0.0,0.0,0.0,0.0,0.0001724932,0.0,0.0002704124,0.002362497,0.0,6.085443e-05,0.0,0.0,0.0,0.0,0.0,0.003934714,0.0,0.0,0.0,0.01886748,0.03773496,0.01886748
Torpedo_marmorata,0.0,0.0,0.0,0.0,0.0,0.0,0.0,0.0,0.0,0.0,0.0,0.0,0.0,0.0,0.0,0.0,0.0,0.0,0.0,0.0,0.0,0.0,0.0,0.0,0.0,0.0,0.0,0.0,0.0,0.0,0.0,0.0,0.0,0.0,0.0,0.0,0.0,0.0,0.0,0.0,0.0,0.0,0.0,0.0,0.0,0.0,0.0,0.0,0.0,0.0,0.0,0.0,0.0,0.0,0.0,0.0,0.0,0.0,0.0,0.0,0.0,0.0,0.0,0.0,0.0,0.0,1.903019e-05,0.0,2.983306e-05,0.0002606408,0.0,6.713703e-06,0.0,0.0,0.0,0.0,0.0,0.0004340945,0.0,0.0,0.0,0.002222663,0.004445327,0.002222663
Torpedo_torpedo,0.0,0.0,0.0,0.0,0.0,0.0,0.0,0.0,0.0,0.0,0.0,0.0,0.0,0.0,0.0,0.0,0.0,0.0,0.0,0.0,0.0,0.0,0.0,0.0,0.0,0.0,0.0,0.0,0.0,0.0,0.0,0.0,0.0,0.0,0.0,0.0,0.0,0.0,0.0,0.0,0.0,0.0,0.0,0.0,0.0,0.0,0.0,0.0,0.0,0.0,0.0,0.0,0.0,0.0,0.0,0.0,0.0,0.0,0.0,0.0,0.0,0.0,0.0,0.0,0.0,0.0,1.934172e-05,0.0,3.032142e-05,0.0002649074,0.0,6.8236e-06,0.0,0.0,0.0,0.0,0.0,0.0004412006,0.0,0.0,0.0,0.002060408,0.004120816,0.002060408
DC,0.0001120256,0.0,0.0,0.0,0.0,0.0,0.0,0.0,0.0,0.0,0.0,0.0,0.0,0.0,0.0,0.0,0.0,0.1493148,0.0,0.006411501,0.2569522,0.06567391,0.0178207,0.0107145,0.0,0.0,0.0,0.0,0.0,0.0,0.04345482,0.04723489,0.01012033,0.01602698,0.1667206,0.633085,1.669912,0.45,0.1684795,0.06426001,5.884988,7.038218,0.0,0.0,1.35489,0.04117781,0.4890678,0.0,0.0,0.0,0.0,0.0,0.0,0.0,0.0,0.0,0.0,0.0,0.0,0.0,0.0,0.0,0.0,0.0,0.0,0.0006742046,0.0,0.0,0.0,0.0,0.0003940813,0.02521695,0.0,0.001157774,0.01333537,0.0001299246,0.002922388,0.0008614907,0.001437294,0.0001542794,0.0001349671,0.0,0.5279167,2.111667
SPOM,8.334701e-06,0.0,0.0,0.0,0.0,0.0,0.0,0.001603635,0.0,0.0,0.0,0.0,0.0,0.004163992,0.00671673,0.0,0.0,0.05972591,0.003878539,0.0006044513,2.15293,1.313478,0.0,0.04835062,0.0,0.217652,0.0,0.2208784,0.1613657,7.868374,0.01785814,0.002123871,0.0008158223,0.05722989,1.716803,1.119371,0.2303327,0.315,0.0275359,0.0,15.85396,0.1548752,5.371831,2.417856,0.0,0.03431416,0.0,0.0,0.001458717,0.4254401,0.004109879,0.6934976,0.0,0.4145644,3.308319,14.81896,29.8733,503.2973,11.36586,0.0,0.0,0.0,0.0,0.0,0.0,0.0,0.0,0.0,0.0,0.0,0.0,0.0,0.0,0.0,0.0,0.0,0.0,0.0,0.0,0.0,0.0,0.0,0.0,3.109985
BD,0.0001787928,0.0001376317,0.0065,0.000221676,0.0,0.002385573,0.0,0.002672725,0.0,0.0,0.0,0.0,0.0,0.02747088,0.06144361,0.0,0.0,0.1186455,0.0,0.1056494,1.513618,1.035152,0.01331859,0.1418366,6.869566,0.217652,0.0,0.0,0.0,5.62371,0.3968477,0.04167035,0.07211249,0.04876712,3.552609,1.074665,0.7677758,0.405,0.02302829,0.0,42.10176,16.42941,4.028873,24.20274,3.962322,0.1029425,0.4890482,0.008671787,0.09622236,0.2127201,0.002465928,1.386995,3.101333,1.036349,4.726384,0.0,0.0,36.83717,178.0652,0.0,0.0,0.0,0.0,0.0,0.0,0.0001334925,8.388393e-05,0.0001680372,0.0001315023,0.001148889,7.802808e-05,0.004992956,4.320799e-06,0.0002292392,0.002640403,2.572508e-05,0.003294329,0.001913462,0.001620222,0.0001739149,0.0001521447,0.0,0.0,0.0
