ESSESH,SB,MM,TUR,XIP,THU,LPL,MPL,SPL,HAK,HAK1,HAK2,HAK3,HAK4,MUL,MUL1,MUL2,MUL3,TRA,PAG,DFS,DFH,DSM,DSP,DSR,MSC,MSG,MSP,ENG,SAR,EPI,CEBH,CEBS,CEPH,CEPS,DNS,DNH,DRS,DRH,ARF,PWL,SUP,MbO,MbFF,MbDF,MbC,MbPAR,MbSCA,MbH,MbGRA,MbSF,MbPF,BO,EUP,ZG,ZL,ZM,ZS,PL,PB,MB,BB,PS,SG,DF,MA,ESH,ESS,DC,SPOM,BD
SB,0.998222,0.0321699,0.000180044,-0.0166681,-0.0058951,-0.105196,-0.0282678,-0.0612531,-0.00389696,-0.00740244,0.0176026,0.0243844,0.00178595,-0.00186469,-0.00330351,-0.0100911,-0.000369062,-0.682239,-0.00102357,-0.0660257,3.26418,0.272157,-0.0379259,0.403086,-0.620735,-0.0343672,0.00599709,13.9526,5.92942,3.59352,-0.0926965,-0.0501555,-0.200902,-0.333751,-0.107033,0.376921,-0.163219,-0.0129119,-0.0181451,-0.0129608,5.43126,-0.318478,0.00635053,-0.0416347,-0.0162713,0.000291024,-0.0198843,-0.000177835,0.000646725,-0.0036655,-8.44293e-06,0.00563494,1.13313,-0.0731767,0.25717,8.55429,5.52978,7.99171,5.29588,0.281733,1.07356,4.56177,0.0360151,0.578717,0.250416,-0.0618606,-0.00117117,1.36482,-2.71168,0.94515
MM,-4.83412e-06,0.96705,-0.000186413,-0.00206783,-0.00412568,-0.0159608,-0.00558077,-0.00251177,-5.03062e-05,-0.00021181,-0.00155005,-0.00172766,-9.28496e-05,-1.31244e-05,-7.53941e-05,5.68643e-05,-3.0855e-05,0.0315116,0.00268024,0.0107621,0.0379187,0.0353111,0.0169146,0.00232471,0.175128,-0.0060775,0.0528372,0.0366919,0.00649242,0.0448424,0.00366389,0.0143751,0.13407,0.28691,0.0225498,0.00268212,0.0110877,0.00237334,-0.000733877,-0.00151108,0.107513,0.0419635,-0.00059079,0.00162582,0.0058682,6.34614e-05,0.00865063,-6.93582e-06,-0.000273201,-0.000152023,-1.90156e-07,0.00108714,0.0187132,-0.00302661,0.148287,0.100858,0.0835582,0.0691371,0.150895,0.0116831,0.0182528,0.0261542,0.00504856,0.0079228,0.0101668,-0.0101731,0.00106435,-0.0789675,-0.107215,0.0414875
TUR,3.51221e-07,-0.00235226,0.921839,-0.000111145,2.48735e-05,-0.000282422,-0.00122499,-0.000351524,1.16342e-05,-2.45181e-05,-0.000185896,-0.000495082,2.586e-06,-4.5454e-05,-0.00105344,-0.000398378,-0.000424617,-0.000555666,-0.000157628,-0.000106354,-0.00673755,-0.00111149,0.000105303,-0.00838831,-0.0305092,-0.000759451,0.00146167,0.00164537,-0.00262017,-0.00899215,-0.0182096,-0.00213892,0.043529,-0.00140486,-0.00839971,-0.00638673,-0.00881963,0.239093,-0.00410823,-0.00462247,0.17099,0.303435,0.321238,0.118982,-0.0303406,-0.00159531,-0.00806354,0.00024977,0.800601,0.000737257,2.61778e-05,-0.00992786,-0.00264971,-0.000768672,-0.0107215,-0.0098069,-0.0293574,0.071095,0.0923197,0.11401,-0.127783,0.0849032,0.134277,-0.000967751,0.146062,-0.0142716,-0.000183719,-0.0378935,-0.169941,0.367517
XIP,-4.85509e-05,-0.0383595,-0.000189361,0.996846,-0.00484188,-0.00827217,0.0268065,0.00791266,-5.61971e-05,-0.000177599,0.000120707,0.000483294,5.64864e-05,-6.27359e-05,-0.000401364,-0.000188657,0.000328828,-0.0242997,-0.000325223,0.0121673,0.0206709,0.0191675,-6.2282e-05,0.00345124,0.183918,-0.00338144,-0.00709873,0.420179,0.142447,-0.0133308,0.0485577,0.0171954,0.135081,0.377258,0.0213491,0.0128254,0.0128591,0.000855969,-0.000910417,-0.00156397,0.229379,0.0500764,0.00150658,0.000223218,0.00714993,6.20408e-05,0.00895385,-1.02484e-05,-0.000292591,-0.000464249,-1.5046e-07,0.00266421,0.0348515,-0.00236845,0.037885,0.222611,0.113255,0.136221,0.186047,0.0161208,0.0564174,0.023725,0.00197856,0.0160706,0.0140666,-0.0116898,0.00146558,-0.0826208,-0.154317,0.0349481
THU,-3.80289e-06,-0.00764926,-1.14109e-05,-0.000487684,0.998112,-0.011991,0.00941793,0.0123364,-2.59019e-05,-0.000111586,-0.000877163,-0.00121587,-7.50392e-05,2.57191e-05,0.000317663,6.08223e-06,4.26828e-06,0.0258914,-5.62813e-05,0.00757713,0.0156379,0.00471009,0.0290776,0.00648131,0.0932052,-0.00244639,0.039837,0.026933,0.0177346,-0.00252106,0.00075802,-0.0030833,-0.000562801,0.0739829,0.00853464,0.00324303,0.00435969,0.0012926,-0.000181259,-0.000281185,0.0468295,0.028172,0.000277382,-0.00446515,0.00401916,8.96385e-05,0.00156524,-2.8449e-06,-8.06792e-05,-9.19698e-05,3.60811e-07,-0.000376546,0.0135285,-0.000549724,0.00877204,0.0395604,0.00862235,0.00758231,0.0789966,0.00326157,0.0165298,-0.025379,-0.00373954,0.00429592,0.00168287,-0.00278365,4.48572e-05,-0.0750645,-0.0941952,-0.00111195
LPL,-1.12203e-05,-0.00620935,-1.7099e-05,-0.00024248,-0.00227575,0.917937,0.0122741,0.0206474,-7.39487e-05,-0.000167406,-0.00890357,-0.0134619,-0.00087625,-3.88319e-05,-0.000245964,-0.000293851,-1.36848e-05,0.323419,-9.92734e-05,0.0044753,0.00750762,-0.00157093,-9.09864e-06,-0.00088121,0.146966,0.121889,0.127871,0.0498795,0.118358,-0.0061743,-0.000898218,0.0161119,0.00119164,0.00709237,-0.00870904,0.0107471,0.00805143,0.000356907,-0.000731707,0.00156289,0.150546,0.0503196,0.000729085,-0.00822555,0.00546503,0.000162723,0.00198986,-8.24799e-06,-0.00012862,0.00117595,-1.60931e-07,-0.00187369,0.020227,0.0320299,0.0792288,0.103337,0.116197,0.0640176,0.168178,0.0110536,0.0338114,0.0205334,-0.000477072,0.00838135,0.00704314,-0.00424272,-0.00085493,-0.0876935,-0.126344,0.0218394
MPL,-3.59777e-06,-0.00276843,-7.00695e-05,-0.00176945,-0.00622107,-0.0682328,0.972888,0.214732,-0.000212924,-0.000421342,-0.00246915,-0.00254527,-0.000160335,-7.65917e-05,-0.000593329,-0.000707303,-0.000150189,0.0582571,-8.82122e-05,-0.000228179,-0.0110953,0.13279,-0.00902734,-0.000159115,0.13894,-0.0113292,-0.0203579,0.0299953,0.0105005,-0.0165286,-0.000730475,-0.00403946,0.0336479,0.00556516,-0.00417519,0.0199696,-0.000388538,0.000763048,-0.000829301,-0.00068485,0.0889379,0.0529359,0.0326167,-0.00642062,0.00333014,2.71234e-05,0.00315385,-6.86094e-06,-0.000218647,-8.11803e-05,-8.62144e-08,0.00465312,0.125902,-1.10133e-05,0.0066494,0.176995,0.0680752,0.116475,0.131472,0.0106223,0.0300638,0.0125094,-0.000955853,0.0323765,0.00576472,-0.0144298,-0.000684059,-0.0824337,-0.119484,0.0156349
SPL,3.11811e-06,0.00143775,-1.6797e-06,0.000111051,-0.000501333,-0.0143645,-0.0970249,0.966054,-0.000100451,9.24945e-05,0.000240245,0.000567091,4.33645e-05,-0.000120899,-0.000805376,-7.52116e-05,-5.18852e-05,-0.014815,-2.371e-05,-0.00305761,-0.0217748,-0.0172415,-0.0388614,-0.00112378,0.15124,-0.00457244,-0.0140514,-0.0325774,-0.00784517,-0.0396447,-0.00123898,-0.0041108,-0.00319558,-0.00608622,-0.000920887,-0.00408447,0.0010365,-0.000392787,-1.29359e-05,-0.000458443,-0.0024244,0.0157115,0.00784249,0.000245607,0.00145801,2.25085e-05,0.00068739,1.05207e-06,-4.30173e-05,-0.000233518,1.05386e-06,-0.001826,-0.0550295,-0.000539845,-0.013352,0.663883,0.00592485,0.331942,0.122473,0.000350037,0.0242103,-0.0315646,-0.012965,0.015548,-0.00318533,-0.00876465,-0.000113391,-0.0415204,-0.116045,-0.0468816
HAK,3.16164e-06,-0.000165632,3.92017e-07,1.16355e-05,-8.02178e-06,0.00149722,-0.000666888,-0.00355047,0.998879,-0.00193262,-0.0029791,0.000267394,-0.000272634,-6.99975e-05,3.0582e-05,-0.000387271,-9.66991e-05,-0.00663124,7.61521e-07,-0.0167222,-0.0333557,-0.0223589,0.00139145,-0.000970835,-0.0294187,-0.00100053,-0.000273979,-0.0377686,4.63679e-05,-0.0379341,0.000546123,0.00422286,-0.000180752,0.00253141,-0.000959051,-0.0017376,-0.0145096,0.000244853,-0.00187375,-0.00193343,-0.0639508,0.000679843,0.000451509,0.0117199,-0.000123926,-4.74042e-06,-8.52845e-05,8.33297e-06,2.9615e-05,-2.9458e-05,2.49557e-06,-0.00240301,0.758589,-0.00341537,-0.0182682,0.449081,0.471383,0.366086,0.3578,-0.00383543,0.0698776,0.126195,-0.0376148,0.170525,-0.0106193,0.00137605,-0.000734356,-0.00449004,-0.138959,-0.181344
HAK1,4.80814e-08,0.000201731,1.5823e-06,1.99272e-05,2.43495e-05,0.00200232,-0.00119995,-0.00122396,-0.00104548,0.997617,-0.00246683,-0.000201124,-0.000166074,-0.000107161,-0.000817351,-0.00051221,-0.000230023,-0.00843116,-0.000106999,-0.0170818,0.0986741,-0.0317042,-0.00128457,-0.00353319,0.0327138,-0.000474609,-0.00424709,-0.0196235,-0.00492133,0.0480689,-0.00469814,0.00017467,-0.00262025,-0.000919231,0.0625797,-0.0037166,-0.0134514,-0.00210609,-0.00209107,-0.00249786,0.122477,0.0105298,-0.00274521,-0.0083891,0.00383848,0.000127019,0.00142261,-4.57867e-06,-4.24931e-05,-0.00027165,5.40196e-07,-0.00218228,0.805858,-0.000684453,0.000606238,-0.00310899,0.154334,0.15053,0.180569,0.00504861,0.0390032,0.0934525,-0.00764539,0.161325,0.00276735,-0.0350375,-0.00071281,-0.0752212,-0.13741,-0.00472363
HAK2,-2.81565e-06,-0.00374404,-1.26342e-06,-0.000100543,-0.00102926,-0.0559313,-0.00853886,-0.00528982,0.000461314,0.000227926,0.987914,-0.0167308,-0.00111634,-0.000182093,-0.00127996,-0.00125484,-0.000639989,0.378001,-0.000167397,-0.030957,-0.000160017,0.110671,0.000321383,-0.00304857,0.103586,-0.00982119,-0.0155602,0.0291289,-0.0024731,-0.000916651,0.00386498,-0.0158825,0.00362215,0.00049379,0.229888,0.00633287,-0.00887449,-0.00450593,0.00236967,0.0149277,0.0669673,0.0769817,0.000288311,-0.00155082,0.00362641,-4.11421e-05,0.000850894,-8.96642e-06,-0.000148286,0.00173599,-7.05305e-07,0.00718182,0.107419,-0.00360701,0.0754614,0.0337875,0.127342,0.0597173,0.136797,0.0107452,0.0163219,0.0571413,0.0106014,0.0230647,0.00764678,-0.0581533,-0.000475916,-0.0556651,-0.0858504,0.0607602
HAK3,-6.70726e-06,-0.0063148,-6.73041e-05,-0.000159855,-0.0018599,-0.100145,-0.0121181,-0.0063677,-9.48155e-05,-0.000475801,-0.0190769,0.971282,-0.0019122,-0.000116268,-0.00119871,-0.000724139,-0.000444129,0.662501,-0.000201874,-0.0010296,0.0685651,-0.0150653,-0.00162119,-0.00376838,0.0139801,-0.016434,-0.0165924,0.0563674,0.00770582,-0.00135812,0.000676023,-0.00502036,-0.00305729,0.0094011,0.256067,0.0155384,2.25517e-05,0.0204952,-0.00120163,0.0232172,0.0531154,0.0234173,0.00119153,-0.00036243,0.00388512,3.33636e-05,0.00102712,-5.65325e-06,-0.000130096,0.00318501,-2.4889e-07,0.00312257,0.0315626,-0.00565309,0.108812,0.0461324,0.190149,0.0551545,0.168096,0.00789205,0.0236701,0.0659515,0.00137697,0.00849905,0.00412084,-0.0597976,-0.000449614,-0.0519489,-0.0766411,0.0203753
HAK4,-7.25493e-05,-0.0649249,6.94647e-05,-0.00145588,-0.0206886,-1.16798,-0.142595,-0.0695308,0.012076,0.0145082,-0.185141,-0.300096,0.978741,0.000804109,-8.55058e-05,0.00740506,0.00309332,7.72869,-0.000931028,0.586658,0.575506,0.0119339,-0.0317532,-0.0127645,0.216852,-0.175329,-0.196529,0.651309,-0.0168166,-0.0149517,0.11331,-0.0392169,-0.053278,0.0566169,0.00580516,0.24093,0.00042857,-0.012527,-0.00817072,0.182196,0.464442,0.235907,0.00999076,0.0303933,0.0182324,-0.000212956,0.00299028,-3.37892e-05,-0.000373869,0.036274,-2.66878e-06,0.00666142,0.880866,-0.0594919,0.720307,0.53629,2.35704,0.658448,1.52412,0.0659122,0.142235,0.818164,0.00280411,0.201898,0.0366705,-0.0625186,-0.0225588,-0.0319176,-0.335355,0.0124181
MUL,3.92815e-07,2.08278e-05,6.98661e-06,-1.65802e-06,0.000129905,0.000560139,0.000409415,-0.00134112,-1.9448e-05,-2.14994e-05,-0.000204422,-5.81507e-05,2.07007e-05,0.999588,-0.00110023,-0.000895567,-0.000353153,-0.000413786,-0.000158109,-0.0317609,-0.0116667,-0.0127457,-0.00574903,-0.00127785,-0.0128926,0.000127979,0.000655504,-0.00315664,-0.00364526,-0.012171,-0.00878826,0.000946905,-0.000167064,0.00225218,-0.0101624,-0.00842746,-0.00844581,-0.00392366,-0.00112608,-0.00120905,0.119012,0.0337228,0.000654148,-0.00345486,0.118845,0.000215573,-0.00222188,-2.6169e-05,-0.000111637,2.46769e-06,-4.58203e-06,0.119715,-0.0182902,-0.00140245,-0.0123841,0.100426,0.0978575,0.110758,0.1019,0.0335056,0.141717,0.108609,0.0658065,0.000551844,0.0200071,-0.0266441,0.000824032,0.0175842,-0.0965421,0.376148
MUL1,1.49478e-06,0.00061204,-1.14306e-05,8.44462e-06,0.000499693,0.0010688,0.000466747,-0.00374349,9.45248e-06,-0.000233154,-0.000702119,-0.000559884,1.91149e-05,-0.000366265,0.996827,-0.000925514,-0.000513729,-0.00198675,-0.000337135,-0.0205972,-0.030764,-0.0230902,-0.0303882,-0.00462503,-0.0237527,-0.000694323,-0.000106433,0.000337613,-0.00890462,-0.00799579,-0.0117559,-0.000790711,-0.00286162,0.0017496,-0.0122325,-0.0164112,-0.0034055,-0.0114708,-0.000777484,-0.00219895,0.224493,0.0385427,0.108582,0.0754948,0.0915633,0.0049638,0.0168405,-1.53336e-05,-0.00037671,-0.000281354,-3.25865e-06,0.0179773,-0.0110177,-0.000660995,0.0151385,-0.0115706,-0.015497,0.0441673,0.0423332,0.0401868,-0.0525122,0.0626138,0.0555783,-0.00268634,0.0275711,-0.112075,0.0016772,-0.0537961,-0.0814435,0.250911
MUL2,2.72835e-06,-0.000264198,2.70463e-05,4.8818e-06,4.93126e-06,0.00188254,-0.000478199,8.03086e-06,-2.32765e-05,-8.38467e-05,-0.000359575,0.000260692,7.61939e-05,-0.000295651,-0.00116559,0.984435,-0.00121787,-0.00742605,-0.00055174,-0.0940284,-0.0275745,-0.0101741,0.00247549,-0.00397806,-0.00334442,0.000146378,0.000585684,-0.0206843,-0.00102653,-0.00193031,-0.0152076,-0.000570876,-0.000741528,0.0047715,-0.00481045,0.496174,-0.00664541,-0.00334052,-0.000625485,-0.00190879,0.0266778,0.0558698,0.0257498,0.306175,0.0668379,-0.000656037,0.0062283700000000004,-3.78166e-05,-0.000524299,-0.000400882,-3.5642e-06,0.00472111,-0.017168,1.64776e-05,-0.0082784,-0.0163411,-0.0231641,0.0085736,0.0482219,0.049059,-0.0142096,0.0118269,0.0623126,-0.0041312,0.0614158,-0.0278545,0.0012898,-0.0266265,-0.0880198,0.0968676
MUL3,1.14313e-06,-0.000489709,-6.81862e-05,-0.000167166,-2.47371e-05,0.00181953,-0.00062342,-0.000513239,-4.27432e-05,-0.000297375,-0.00192609,-0.000914512,9.32025e-05,-0.000509003,-0.00230013,-0.00670677,0.997822,-0.00598118,-0.000934707,-0.129993,-0.0242455,0.0368242,0.00200291,-0.00356512,-0.010431,-0.00201362,0.000699636,-0.00452769,0.000292992,-2.42247e-05,-0.0106862,-0.00637788,-0.00159812,0.00262321,0.364907,0.0743858,-0.0199602,-0.00531445,-0.00213839,-0.00758197,-0.0611341,0.117269,0.282509,0.42817,0.224562,0.00409673,0.0150601,-3.92443e-05,-0.00118703,-6.23363e-05,-6.56932e-06,0.0053113,-0.0185341,-0.00104583,0.0561077,-0.00993427,-0.0202254,0.0354139,0.0879843,0.0916125,-0.061218,0.0411957,0.100141,-0.00414026,0.0616595,-0.0335441,0.00131452,-0.0872367,-0.131248,0.199069
TRA,-7.97427e-06,-0.00775616,9.22389e-06,-0.000190941,-0.00238558,-0.13265,-0.0159885,-0.00763001,-0.000118313,-0.000202222,-0.0237756,-0.036462,-0.00237579,-4.14008e-05,-0.000164168,-0.000868894,-6.91881e-05,0.881318,-5.50163e-05,-0.00769047,0.0289968,-0.00905084,-0.000652613,-0.000786085,0.0342023,-0.0197246,-0.0225014,0.0766309,-0.00077718,0.00149226,0.0027323,-0.00388784,-0.00472848,0.00994038,-0.00387765,0.0261213,0.00063623,-0.00163377,-0.000622836,0.00675802,0.026814,0.018189,9.50661e-05,0.00209017,0.000376579,-3.97555e-05,0.000143284,-2.10812e-06,-1.87732e-05,0.00414233,-1.79593e-07,-0.000413658,0.029387,-0.00663011,0.0777247,0.0596134,0.255677,0.0591408,0.154343,0.00506821,0.0111274,0.0837062,-0.00087841,0.00872556,0.0025137,-0.00535178,0.000130798,0.00635153,-0.0211795,-0.00590427
PAG,-2.35781e-07,-0.0161738,2.14245e-05,3.82523e-05,0.000142503,1.77684e-05,-0.000250211,-0.000637963,-6.71386e-06,-0.000161695,-0.000346766,-0.00022224,6.37175e-06,-0.000209993,-0.00135679,-0.00218622,-0.00071433,-0.00289433,0.998337,-0.00297523,0.0617764,0.0201589,-0.004803,-0.00332112,-0.0187804,-0.000688353,-0.000351944,-0.00306107,-0.00276487,-0.00868727,0.0885243,0.0803893,-0.00879155,-0.00702224,0.0506408,0.0191726,0.00718011,0.00715884,-0.00160105,-0.00438661,0.0482524,0.12158,0.0186066,0.580282,0.17185,-0.000984239,0.112352,-1.11583e-05,-0.000900111,-0.000116083,-2.27012e-06,0.00359484,0.00619308,-0.000439449,0.000989955,-0.00128634,-0.0208356,0.00180318,0.0940044,0.0899889,-0.0363954,-0.00485463,0.118442,0.00114735,0.0802693,-0.016662,-0.00174575,-0.057196,-0.150064,0.177551
DFS,1.97534e-07,0.00433989,4.59029e-06,0.00030187,0.00022929,-0.0087699,-0.00116628,-0.00267196,0.000373438,0.000469268,0.0037893,-0.00161984,-0.000601247,0.00185865,0.00268114,0.0231533,0.00576899,0.00805249,-0.00016181,0.988912,0.091197,0.0328052,-0.0314995,-0.00306573,-0.0840594,-0.00234048,0.00146172,-0.00979402,-0.00913792,-0.0101173,0.0205315,0.00765195,-0.0115718,-0.0444879,0.0399136,0.0123798,0.000779895,-0.000469203,-0.00114485,-0.00117309,0.193475,0.0353385,0.00159105,0.000162188,0.00696627,7.28762e-05,0.000385667,-1.17084e-05,-9.6033e-05,0.000370814,-1.20819e-06,0.00288293,0.128634,-0.0010802,0.0361254,0.0160874,0.0185295,0.0562839,0.0636692,0.0140596,0.0177259,0.0383238,0.0139835,0.0264045,0.0119079,-0.00895326,-0.0130728,-0.0390631,-0.0699321,0.083829
DFH,-1.41785e-05,0.00085309,7.62188e-07,5.10551e-05,0.000386741,0.00225961,0.000374493,-0.00170435,-0.000132158,-0.00140281,0.000102535,-0.000375761,1.20204e-05,-9.77441e-05,-0.000593468,-0.000628423,-0.000111356,-0.0107726,-0.000515402,-0.0141332,0.975775,0.0015415,-0.0178988,-0.00849842,-0.0226714,6.13579e-05,0.000342711,-0.00544833,-0.00837622,-0.0528543,-0.00364121,-0.0042435,-0.00916497,-0.00306908,-0.00127356,0.00913147,0.000833902,0.000731471,-0.000643042,-0.000522568,0.249063,0.00463027,-0.00141366,0.000332879,0.00272216,0.000328104,0.00220619,-1.16864e-05,-5.08759e-05,-0.000329044,-1.79419e-06,0.00170007,0.0950283,-0.000214146,-0.00125725,0.0187902,0.0165443,0.0761554,-0.0181698,0.0141676,0.0258482,0.0708411,0.0184996,0.0197963,0.013523,-0.00709294,3.82198e-05,-0.0226457,0.0251617,0.0928756
DSM,-1.16695e-06,0.000163166,2.88831e-05,9.14803e-05,-1.87739e-05,0.00179586,-0.00937178,-0.0022304,-0.000142839,-0.000320883,-0.00366519,-1.31079e-05,-1.67183e-06,-0.000137614,-0.000634362,-0.000542632,-0.000424405,-0.00229586,-1.30825e-05,-0.00705053,-0.0367349,0.971503,-0.00260031,-0.00605788,-0.0220726,0.000125183,0.000904412,-0.00335289,-0.00663941,-0.00585712,-0.0095053,-0.0824008,-0.0206137,0.0010931,-0.0095461,0.00361182,-0.0215049,-0.0030928,-0.000809502,-0.000361511,0.174359,0.0170343,-0.00477454,-0.0227139,0.000730826,1.07327e-05,-0.00113409,-1.40132e-05,-3.02841e-05,-0.000371495,-2.45304e-06,0.0449003,0.111356,-0.000286835,-0.00508255,-0.0148245,0.0242046,0.062055,-0.0234415,0.0161046,0.0564625,0.0826744,0.0231781,0.0217345,0.010279,-0.0246731,-0.000308863,-0.030999,0.0341495,0.132202
DSP,-1.32532e-05,-0.0153716,5.87072e-06,0.000181818,-0.0160734,-0.0165549,-0.0110023,0.0955396,-6.32904e-05,-0.000698946,0.000198333,-4.65158e-05,-1.69817e-05,0.0011328,0.0147387,0.00148045,0.000538783,-0.0122727,0.000224185,0.0642826,0.461864,0.0515602,0.982973,0.00404476,0.0396694,-0.00299018,0.0422625,0.00243129,0.00472935,0.000201194,-0.00613548,-0.00873947,-0.0144669,-0.0316241,0.000189858,0.010976,-0.000600158,9.81325e-05,-0.000706633,-0.0007456,0.167143,0.0363396,0.00243518,-0.000839894,0.00535057,0.000261641,0.00159055,-9.09037e-06,-9.37762e-05,-0.000287924,-6.36913e-07,0.00254081,0.0586203,-0.000969604,-0.00626842,0.0962954,0.00271806,0.0715199,0.0702431,0.0112816,0.0243741,0.00959702,0.00818893,0.0155775,0.00958054,-0.0162807,-0.00262607,-0.0524536,-0.0899561,0.0576742
DSR,-2.37092e-05,0.00173765,-0.000184704,7.8158e-05,-0.00150726,0.000631546,-0.000272556,-0.00138607,-7.19925e-05,-0.00033001,-0.000333262,-0.000386742,5.46166e-06,-0.000134928,-0.00126153,-0.000968558,-0.000197791,-0.00234616,-0.000158533,-0.00147297,0.0634392,0.0148929,-0.0056569,0.993936,-0.019721,-0.000421393,0.000651163,-0.00345592,-0.00824986,0.00330472,-0.0274887,-0.00356955,-0.0307591,0.000277195,-0.00141726,0.0210875,-0.00327384,0.0622117,-0.00137551,-0.00154373,0.177096,0.0830974,0.0319878,0.0428632,0.0203136,0.00130126,0.00376331,2.08698e-05,-0.000394515,-0.000281516,-1.86541e-06,-0.000889458,0.0469361,-0.000588455,-0.00519245,0.0508733,-0.00166246,0.065625,0.0503231,0.0224973,-0.00807812,0.036391,0.0293759,0.0114209,0.0293706,-0.0500667,0.000482783,-0.0371546,-0.0736401,0.122156
MSC,1.25497e-06,0.0014748,-1.4357e-05,2.99391e-05,0.000191358,0.00719114,-0.00139263,-0.0116819,-4.60435e-05,-0.000353701,-0.000798811,0.00028251,1.85749e-05,-5.09161e-05,-0.000241034,1.69014e-05,-1.08537e-05,-0.00720641,2.3771e-06,0.00170704,-0.004737,-0.00768097,0.000845329,-0.000905581,0.920802,0.000137442,-0.0557135,-0.00789581,-0.00623778,-0.0136311,-0.00349222,-0.0189206,-0.000603825,-0.0206889,-0.00421153,-0.00207955,-0.00456838,8.40909e-05,-0.00030125,-0.000794304,0.206515,0.0708682,-0.00122081,-0.0147692,0.00283341,-2.40571e-05,0.00273071,-1.58231e-05,-0.000173125,-0.000362431,-1.75004e-06,-0.00262612,0.0161804,-0.00102202,0.00130953,0.1097,0.0209563,0.0972498,0.0874019,0.0128552,-0.0327428,0.0495878,0.0368257,0.00766667,0.0173326,-0.00375867,-0.00216679,-0.0467022,-0.111215,0.22175
MSG,2.16375e-06,-5.69808e-05,-8.54154e-06,3.47422e-05,0.000123693,-0.0692033,-0.000865177,-0.00321079,-2.04488e-05,5.20639e-05,0.000794195,0.00116052,7.31012e-05,-1.97667e-05,-0.000107444,-7.67523e-05,1.34558e-06,-0.0267913,-1.56806e-05,-0.000747606,-0.00175667,-0.000490209,4.54821e-05,-0.000340161,-0.0245622,0.948458,-0.00924005,-0.0148638,-0.0121365,0.00610771,-0.000838627,-0.00220974,-0.000270942,-0.000928814,-0.0236724,-0.000365576,0.00233818,0.000818337,-0.000480332,-0.00176785,-0.0254517,0.0303209,0.00349536,-0.00735364,0.00251182,5.24311e-05,0.000848921,-2.47865e-06,-8.13551e-05,-0.00044128,-3.33012e-07,-0.00124806,-0.0183595,0.254925,0.209865,0.149789,0.137558,0.108305,0.130731,0.00414882,-0.0235711,0.0624283,0.00353902,0.00256895,0.000341859,-5.80335e-05,3.15774e-05,-0.0655834,-0.0314515,0.0255285
MSP,3.74973e-06,-0.0130039,-1.30266e-05,0.000239694,-0.00600747,-0.109298,-0.00245034,-0.0142359,-9.61063e-05,-0.000379114,0.00044414,0.00193915,0.000126242,-6.81898e-05,-0.000457117,-7.7344e-05,-3.4893e-05,-0.0464304,-3.66194e-05,-0.00189074,-0.0171266,-0.0112123,-0.014598,-0.00112091,0.729951,-0.0156719,0.935596,-0.0194885,-0.022232,-0.0174954,-0.00470092,-0.0248546,-0.00313616,-0.0478846,-0.00670701,-0.00294222,-0.00505602,0.000620344,-0.00027304,-0.00103613,0.180327,0.063139,-0.00169964,-0.0147908,0.00405753,1.78195e-05,0.00264886,-1.27807e-05,-0.000158666,-0.000590676,-9.36332e-07,-0.00301719,0.0534746,-0.00512405,-0.0145532,0.12043,0.00148038,0.0869947,0.0999542,0.0101383,-0.0120488,0.0143993,0.0230485,0.0155133,0.0127765,-0.00212323,-0.00185814,-0.0781864,-0.138228,0.155086
ENG,-9.30287e-05,0.00171373,4.23753e-06,-0.000968367,-0.000209034,0.00189092,-0.00128091,-0.00372582,-0.00016575,-7.50728e-05,0.000996352,0.00152136,9.77139e-05,-4.44534e-05,-2.33914e-05,-0.000776845,-3.21119e-05,-0.0361408,-1.72829e-05,-0.000765811,-0.00765346,-0.00232293,-0.000612247,-0.00101188,-0.0242244,-0.00176658,0.000784882,0.970846,-0.0033887,-0.0248044,-0.00127546,0.00016457,-0.00555312,-0.0213178,-0.00598177,0.0283764,-0.00141656,0.0001754,-0.000401554,-0.000910084,-0.0230836,0.0135447,0.00134684,0.00557133,0.000858028,7.73179e-06,0.000404848,2.95185e-06,-5.25153e-06,-0.000241574,1.19709e-06,-0.000641915,0.0365518,-0.00311295,0.0275591,0.415433,0.263149,0.22722,0.211766,8.84593e-05,0.0427422,0.0439346,-0.0201339,0.0243953,-0.00385788,-9.3986e-05,-0.000187102,-0.0170582,-0.0746677,-0.09965
SAR,-5.33046e-05,0.000793697,-4.31494e-06,-0.000483757,-0.000646781,-0.0236103,-0.00151239,-0.000989939,4.04198e-06,-3.90258e-06,0.000611012,0.000529148,5.36737e-05,-0.000103,-0.000387106,0.000126888,1.96945e-05,-0.0193136,4.67015e-05,-0.00104631,-0.0178984,-0.0123124,-0.000770035,-0.00110568,-0.0350704,-0.00434168,-0.0019743,-0.00617793,0.97337,-0.00934242,-0.00971825,-0.0071671,-0.0111053,-0.00270104,-0.0142208,-0.00643462,-0.00347087,-0.00243326,-0.00117692,-0.000643639,0.720577,-0.00732687,-0.00419946,-0.0256773,0.00706215,8.74368e-05,-0.000354184,-2.54747e-05,-2.86875e-05,-0.00052437,-2.69299e-06,-0.00462915,-0.00897903,-0.00168008,0.0404874,0.0378921,-0.0175068,0.086042,0.0591073,0.0345439,0.154831,0.059051,0.00939737,-0.000313587,0.0266082,-0.00188041,-0.000108317,-0.0243757,-0.0847691,0.0927426
EPI,-6.34271e-06,-0.000341821,-2.87518e-06,1.06454e-05,-8.15822e-06,-4.24318e-05,0.000127847,-0.00107891,-3.18463e-05,-0.000213009,-3.79272e-05,-4.93862e-05,-2.77395e-07,-2.2756e-05,-6.0408e-05,-3.18813e-05,-1.70423e-05,7.3698e-05,-1.53267e-05,-0.000324059,0.0121184,-0.00121119,-0.000656298,-0.000900868,-0.00801811,0.000788156,0.000173958,-0.00472788,-0.00116688,0.982322,-0.0019717,-0.00093122,-0.000521925,-0.00053755,0.00577963,-0.000217789,0.00136343,0.000101714,4.6541e-05,0.000293651,0.0416821,0.00685842,-0.00148191,-0.00529157,0.00177521,4.45971e-05,0.000500024,-6.50978e-06,-2.66246e-05,-0.000153772,-1.59754e-07,-0.000209528,-0.00131485,-0.000963221,-0.0705146,0.121813,0.0554018,0.127408,0.0681444,2.62668e-05,0.00250741,0.12695,0.0029677,0.00471179,0.0118726,-0.000973251,-3.17529e-05,-0.030533,0.00104454,0.0185023
CEBH,1.17938e-06,0.00038883,-9.79327e-05,-0.000196189,0.000151669,0.000503461,-0.00061459,0.00016389,6.19072e-06,-5.69039e-05,-0.000508925,-0.000142967,-3.41819e-06,-0.000200179,-0.000776816,-0.000782871,-0.000131905,-0.00356446,-0.0018143,-0.00805419,-0.0152903,-0.00541125,0.000717646,0.00255483,-0.0363028,-0.000116598,0.00174479,-0.00173617,-0.013587,0.000101524,0.986207,-0.00354943,0.00854664,-0.0127937,-0.00836041,0.0166391,-0.00600796,0.018453,-0.0021203,-0.00130656,0.462181,0.087718,0.0100443,-0.00932146,0.0124983,-5.33284e-05,0.00915398,-2.26206e-05,-0.000278051,-0.000459514,-3.04457e-06,0.0591563,-0.00435582,-0.000191979,-0.00732874,-0.0109415,-0.0242084,0.0392045,0.0535535,0.0406542,0.0811257,0.0416797,0.0251122,-0.00135245,0.0269037,-0.0215651,-0.00315355,-0.0247974,-0.0985048,0.145796
CEBS,1.07643e-06,-0.0011476,-1.14904e-05,-3.3522e-05,8.128e-05,-0.00557585,-0.00283887,-0.0015242,-3.58624e-05,-0.000131591,-0.00054869,5.06968e-05,1.11725e-05,-0.000101971,-0.000384058,-0.000227984,-0.000161003,-0.00339288,-0.00148247,-0.00613115,-0.013645,0.116275,-0.00013279,-0.00154385,0.0505158,-0.00120285,-0.00272955,-0.00262251,-0.0136263,-0.00701229,-0.0104847,0.953526,-0.00337448,-0.00912793,0.0219246,-0.00307051,0.211144,-0.00189868,-0.00169867,-0.00264145,0.410835,0.0609213,0.00366592,0.00491844,0.0120397,-3.89682e-05,0.00399117,-1.81513e-05,-0.00015347,-0.000289537,-1.60841e-06,0.00872775,0.025961,-0.000481246,0.00369423,0.0013755,-0.0184797,0.0369558,0.0889231,0.027813,0.0910202,0.0193406,0.0123727,0.00520732,0.0205956,-0.00406783,-0.0159143,-0.0281154,-0.134017,0.0798249
CEPH,-7.67833e-06,-0.0504827,-0.00123231,-0.00262708,0.000618123,-0.00431015,-0.01869,-0.00469523,-8.39839e-05,-0.000346321,-0.00224936,-0.000550986,4.48685e-06,-8.22183e-05,-0.000958629,0.000170221,-0.000111024,-0.00403153,-0.000259993,0.00572262,0.0825334,0.113292,-0.00164051,0.0224482,-0.042073,-0.000679414,-0.00273191,0.0283911,0.0504748,-0.00667561,-0.046569,-0.0134163,0.983161,-0.0499863,-0.00839974,-0.00611234,-0.00614432,-0.00363161,-0.00093107,-0.000873692,0.154353,0.0443756,0.00148185,0.0478033,0.00490571,-6.91774e-05,0.0467088,-2.29686e-06,-0.00121008,-0.000128263,6.58909e-07,0.00051858,0.0620748,-0.000561103,-0.0109651,0.0194379,0.043475,0.0344769,0.0643823,0.0169143,0.0216347,0.0260677,0.0175041,0.0132706,0.0350894,-0.0404649,8.15164e-05,-0.0201305,-0.063379,0.0606984
CEPS,-8.83668e-06,-0.0780029,-2.10685e-05,-0.00552331,-0.0109202,-0.00372258,-0.00463487,-0.00294834,-2.10117e-05,-0.000202954,0.000753253,0.00105653,0.00010588,8.29404e-06,-0.00018515,0.000526924,4.80095e-05,-0.0461422,-0.000368437,0.0302001,0.030056,0.00265646,0.00102828,-0.000175604,0.260194,-0.00229779,-6.02551e-05,0.086361,0.00275062,0.00616271,0.0288264,0.00683126,0.00725471,0.959436,0.0670207,0.00293598,0.0218779,0.000416674,-0.00065231,-0.00181601,0.150534,0.0373565,-0.000260845,-0.00370534,0.00523225,3.91488e-05,0.00218669,-9.51065e-06,-0.00011721,-0.000407295,-7.12554e-07,0.00238356,0.0164135,-0.00138118,0.0532664,0.0717702,0.015515,0.0564546,0.0893377,0.0112598,0.0170534,0.0155554,0.0107682,0.00617841,0.00950669,-0.00826274,0.00563125,-0.0553705,-0.0965515,0.0754477
DNS,7.7843e-07,-0.000188044,-4.72905e-06,5.69628e-05,1.49987e-05,0.00142043,0.00019999,0.000184669,7.42452e-06,-0.000409001,-0.00275727,-0.00256349,2.61866e-05,-4.22122e-05,-0.00014233,-0.000302825,-0.00131319,-0.00828091,-0.000278017,-0.00386584,-0.00636672,-0.00366124,0.000130635,-0.000515746,-0.0165897,-0.00377141,0.000854355,-0.00417177,-0.0038096,0.0107014,-0.00312498,-0.0043579,-0.000148387,-0.00860909,0.972313,0.00153069,-0.024017,0.00129284,-0.00254399,-0.00636065,0.052161,-0.00261786,-0.00238005,-0.00565956,0.00188321,2.25079e-05,0.000857738,-1.04291e-05,-6.57495e-05,0.000680545,-1.56752e-06,0.0143026,-0.00680866,-0.00201076,0.17492,-0.00319813,0.0100755,0.0748485,0.0571211,0.00978621,0.0106389,0.0907831,0.0253174,-0.00146556,0.00747814,-0.000779833,-0.00151667,-0.044242,-0.0411478,0.153001
DNH,4.27298e-06,0.000184056,1.11995e-05,5.65904e-05,0.000121363,0.00229589,-0.000949786,0.000203069,1.95631e-05,1.70449e-05,0.000319751,0.000446824,3.24767e-05,-6.38325e-05,-0.000451259,-0.0244592,-0.000714338,-0.0120711,-0.000348477,0.00303811,-0.0296214,-0.0171736,0.000124144,-0.00548884,-0.00456874,0.00123496,0.00101361,-0.0408702,-0.00359725,0.00242869,-0.0216195,0.00223707,-0.000229279,0.00105584,-0.00829331,0.977594,-0.00922712,-0.00491502,-0.000724767,-0.000184431,0.143324,0.0113888,0.00204222,-0.012523,-0.0018049,-0.000116955,0.0173739,-1.77893e-05,8.48512e-06,8.63622e-05,-8.10323e-07,0.0161328,-0.0057792,0.000255774,-0.00559472,-0.0293564,-0.0115334,0.0675143,-0.0314959,0.0104053,0.0130813,0.0949472,0.0186892,-0.00234286,0.0481671,-0.0227456,-9.19573e-05,0.0845563,0.0238438,0.103308
DRS,-7.83597e-07,0.000566597,1.46478e-05,3.65786e-05,0.000139489,0.00137008,0.000473625,0.00055414,-8.35977e-05,-0.000134915,1.97768e-05,-4.52753e-05,2.82118e-06,-4.92747e-05,6.7104e-06,1.09254e-05,-7.8015e-05,-0.000847402,0.000148409,1.93284e-05,-0.00682992,-0.0168719,0.000281854,0.000365221,-0.00470096,0.00109931,0.000703534,-0.000782883,-0.000108752,0.00779442,-0.000116811,-0.11654,0.00059434,-0.00318219,0.0403661,-0.00200385,0.957723,-0.0030919,-0.00192808,-0.00754149,0.0370865,0.0145614,0.0206331,0.084224,0.00591497,-0.000420395,-0.00487605,-9.99074e-06,-9.10436e-05,0.000374817,-1.59054e-06,0.0293487,0.0641298,1.13397e-05,0.0211521,0.00740454,0.0101309,0.0651107,0.0619151,0.0228287,0.00129269,0.0534849,0.0197367,0.0131383,0.0131094,0.00053265,0.00113479,0.163942,-0.0733322,0.0526665
DRH,1.93857e-07,-0.000255377,-0.00316357,1.48706e-05,0.000139576,0.000484964,-8.39314e-05,0.000158012,8.63221e-06,-4.41083e-05,-0.00015497,-0.00195302,5.40982e-06,-7.62027e-05,-0.000840994,0.000270469,-4.97425e-05,-0.00136182,-8.97624e-05,0.00052564,-0.0182097,-0.00719435,0.000486655,-0.0303518,-0.00587924,0.00137438,0.00101674,0.0023791,-0.00415322,0.00353655,-0.0417415,0.00245917,-0.000462482,0.000891011,-0.00693871,-0.011008,-0.0101313,0.988575,-0.000819672,-0.000413777,0.158978,-0.00417896,0.066517,-0.00457692,-0.0083315,-0.000267086,-0.00432128,-2.04887e-05,-0.00280417,0.000246613,-1.70827e-06,0.00184106,-0.00305238,0.000260969,-0.00294392,-0.0104888,-0.0139557,0.0739513,-0.00506412,0.0149594,0.00707161,0.0832029,0.0123249,-0.00105166,0.0323838,-0.0448039,0.000609274,0.148228,-0.00853244,0.0744569
ARF,-7.39361e-08,-3.30283e-05,-2.22573e-05,1.09936e-05,6.7925e-05,0.000341188,8.35835e-05,0.000459319,-6.9756e-05,-0.000114929,-0.000714281,2.82875e-05,2.81321e-06,-8.97373e-05,-0.000242066,-3.01772e-05,-0.000127823,-0.00079551,-7.24297e-05,-0.000708525,-0.00568602,-0.00528841,0.000120811,-0.000859446,-0.0311662,-0.000335924,0.00215113,-0.00190685,-0.00572262,0.00433381,-0.00580125,-0.000203503,-0.000317723,0.000863632,0.0225626,-0.00657478,-0.0131269,-0.00433917,0.994558,-0.00410765,0.198763,0.330543,0.0189191,0.028454,-0.00192778,-0.000565906,-0.00566457,-2.21805e-05,-0.000471513,5.38709e-05,-2.45837e-06,0.0164661,0.0501949,-0.000463985,0.0414976,0.021372,-0.00372829,0.0265723,0.095251,0.0356361,0.0304061,0.000475117,0.0262652,0.0108814,0.0267106,-0.000693677,-0.00046708,0.110578,-0.121934,0.0683248
PWL,5.68676e-07,1.81005e-05,-2.74826e-05,2.18578e-05,0.000108064,0.00440115,0.000435582,0.000136833,-7.1282e-05,-0.000141079,-0.00171264,-0.00172921,-2.0536e-05,-9.47986e-05,-0.000472183,-0.000421857,-0.000318253,-0.0276973,-0.000234092,-0.000603087,-0.0054759,-0.00447573,0.000101626,-0.00112143,-0.0167697,-0.00215369,0.0016397,-0.00689184,-0.00285414,0.0101385,-0.00378958,-0.00453642,-0.000364051,-0.000769029,0.0487806,-0.00472774,0.027839,-0.00313427,-0.00408478,0.994571,0.04409,0.251107,0.0692342,0.130506,0.0505137,-0.000510808,-0.00520023,-2.31673e-05,-0.000583859,-0.000189014,-3.2006e-06,0.00481556,0.0483107,-0.00132561,0.13573,0.0304008,0.00995001,0.0402104,0.0718259,0.0423288,0.00810253,0.0177737,0.0342146,0.0108939,0.0282706,-0.00356928,-0.000232863,0.0388784,-0.0583687,0.0327034
SUP,1.61279e-06,9.3043e-06,-1.97635e-05,1.4958e-05,8.86603e-06,0.000389716,0.000180686,0.000582521,1.12808e-05,-2.09315e-05,8.29196e-05,2.27903e-05,-1.4183e-06,-0.000111437,-0.00036211,0.000189428,2.85892e-05,0.00100542,6.13077e-05,-0.000763792,-0.017942,-0.0122304,0.000422088,-0.000752254,-0.0306277,0.000139372,0.00154304,0.00148103,-0.0253016,-0.011582,-0.0114695,-0.00767554,-5.03061e-05,0.000842346,-0.00995562,-0.00693029,-0.00509919,-0.00303582,-0.00132765,-0.000153138,0.869178,-0.0128472,-0.00510003,-0.0309062,0.0073969,7.65049e-05,-0.000150851,-3.1795e-05,-4.06526e-05,-0.000466446,-3.94311e-06,-0.00484844,-0.00314599,-0.000174486,-0.00543426,-0.0170407,-0.0204896,0.0921163,0.00453175,0.040709,0.163622,0.108004,0.0231865,-0.00134121,0.0350109,0.000888895,-0.000163373,-0.00508437,-0.0334384,0.160903
MbO,-8.13397e-07,0.000113702,-5.82667e-05,5.21681e-06,7.88721e-05,-2.0926e-05,-1.12182e-05,0.000654986,6.88026e-06,4.42812e-05,-0.000149323,8.79966e-05,3.53676e-06,-8.82058e-05,-0.000499985,-0.000405133,-0.000299705,-0.000654657,-0.000279051,-0.000617046,-0.000848142,-0.00202654,-0.000113051,-0.0022489,-0.0323436,3.31811e-05,0.00255142,0.000290171,0.00173075,0.0036001,-0.00737043,0.000942991,-0.00112568,0.00139742,0.00203422,-0.00954997,-0.0248609,-0.00689993,-0.012229,-0.00937574,-0.0269973,0.923988,0.0329684,0.0793849,-0.000662,-0.001326,-0.0115921,-4.15741e-05,-0.00132005,-0.000116353,-4.93543e-06,-0.0215691,-0.00299872,-0.000276465,-0.00611862,-0.00235559,-0.0115398,0.00520065,0.0533889,0.0502356,-0.110785,0.0119561,0.0841862,-0.000711202,0.055402,-0.00372703,-0.000637356,0.125917,-0.0925453,0.191595
MbFF,2.70777e-07,-4.55611e-05,-0.000370431,-1.02434e-06,-2.59401e-05,-3.11801e-05,-0.00104288,-0.00118565,9.60427e-06,3.60204e-07,2.14057e-05,1.36694e-05,-5.18502e-07,4.876e-05,-0.00154459,-0.000330101,-0.000910074,0.000254029,0.000110468,0.000248382,-0.000817222,0.000115984,0.000106638,-0.00138196,0.000997913,-0.00110488,-0.000233467,-1.15801e-05,0.000959257,-0.00369591,-0.000760896,0.000789131,0.000318816,-0.000119882,-0.00430431,0.00122699,-0.0030166,-0.010015,0.0010285,-0.00377489,-0.036539,-0.0886162,0.983978,-0.0565368,-0.0300449,-0.000238905,-0.00690743,-1.88448e-05,-0.00160984,-0.0012744,-7.82469e-06,-0.00399337,-0.00253543,-0.00042776,-0.00358395,-0.0165656,-0.00251494,0.12158,-0.0894809,0.0840374,-0.0448471,0.150368,0.00297366,-0.00116141,-0.00857682,0.000451146,2.55999e-05,-0.0631377,0.109991,0.0582328
MbDF,3.02872e-07,1.36631e-05,0.00011707,-8.15876e-07,-3.96136e-05,-0.000216888,-3.18058e-05,-0.000130694,3.99458e-06,1.68516e-06,1.73037e-05,-1.03408e-05,-5.88347e-07,6.61872e-05,-0.000151709,-0.00146715,-0.000259751,0.000176447,-0.000618977,0.000204485,-0.00289539,0.000466978,3.79402e-05,-0.000763526,-0.0024756,-0.00033792,-8.94106e-05,-0.000232425,0.0013558,-0.00456439,0.000967385,0.000983624,-0.000744301,-5.39126e-05,-0.00641608,0.000965256,-0.00399026,0.00144979,0.0014797,-0.000732409,-0.057791,-0.0807625,-0.0157015,0.893956,-0.0551916,-0.00237408,-0.00562885,-8.00954e-05,-0.00111341,-0.0015177,-9.1818e-06,-0.0061681,-0.00185991,-0.00027977,-0.00575431,0.00124981,-0.00821987,-0.00606442,0.0468392,0.111544,-0.0426191,-0.00541353,0.150832,-0.000335658,0.101155,0.000100788,-1.87005e-05,-0.0632446,-0.0776351,0.129894
MbC,-6.56252e-07,8.57728e-05,-8.00616e-06,-1.46744e-06,2.73732e-05,-3.88162e-05,2.44873e-05,-1.05663e-05,4.10851e-06,2.82387e-05,6.86146e-05,4.29497e-05,-1.13441e-06,-0.000809979,-0.00203621,-0.00251076,-0.00133797,0.000500798,-0.00154461,0.000815089,0.00128843,0.00240137,8.93307e-05,-0.00190269,0.00789985,0.000563525,-0.000210954,0.000942599,0.00434287,0.00114255,-0.001112,0.00283813,-0.000258907,-3.75594e-05,-0.00557463,-0.00241563,-0.0190205,-0.000551323,0.00139667,-0.00639275,-0.130021,-0.10242,0.0366244,0.24758,0.974416,0.00255542,-0.00870422,2.93388e-06,0.000148648,0.00328168,-3.34773e-06,0.0132756,-0.00126797,-0.000237133,-0.00557303,0.0044479,-0.00707709,0.00549652,0.056732,0.0303072,-0.11183,0.0124355,0.069572,-8.3029e-05,0.0273296,0.00132121,0.000182361,0.0413218,-0.0961243,0.224915
MbPAR,-1.51226e-07,2.30094e-05,-1.35593e-05,-8.3095e-07,2.66216e-05,-0.000255456,3.03532e-05,0.000156644,4.17934e-06,2.93206e-05,1.49949e-05,3.13225e-05,-3.22358e-08,7.77816e-05,-0.00244789,-0.000172578,-0.00055649,8.59491e-05,-4.14247e-05,0.000295601,-0.00968223,0.000321949,0.000279085,-0.00341893,-0.00163441,0.000311392,0.000273019,0.000635463,0.000622818,0.000546986,0.000340145,0.00138908,7.92526e-05,0.000244591,-0.000788396,-0.00141951,-0.00476389,-0.00127695,-0.000685815,-0.000299867,-0.00684289,0.0452931,0.00805571,0.259501,-0.10158,0.998819,-0.00553323,0.000594652,2.41424e-05,0.00321998,6.18818e-05,0.000204338,-0.00142678,-0.000190239,-0.00332858,0.000505348,-0.00476567,0.0131733,0.0296371,0.0395497,-0.0537532,0.0213174,0.0677375,-0.000268768,0.0384195,0.000507703,-1.02612e-05,0.0389288,-0.0540276,0.158364
MbSCA,-1.28666e-06,0.00143097,-5.04925e-06,6.69929e-05,8.33741e-05,0.000145599,0.000736099,0.000881127,4.07156e-06,8.40151e-05,0.000131272,6.73534e-05,-3.55716e-06,-8.91514e-08,-0.0020743,0.00119894,-0.000619545,0.00163396,-0.004363,0.00049451,-0.0117868,-0.000186864,0.00039564,-0.00302097,-0.0188346,0.00158601,0.00212748,0.00387473,0.00104645,0.00874448,-0.0157983,-0.00544514,-0.0250243,0.00274178,0.00150785,-0.0583779,-0.0171628,-0.00444077,-0.00135664,-0.00124338,-0.0323427,0.0502067,0.0695955,0.208913,0.00388887,-0.000410315,0.990005,0.000392081,0.000176948,0.0028447,3.95295e-05,-0.00181195,-0.00161265,0.000175361,-0.00310968,0.00213653,-0.0102809,0.00434573,0.0556119,0.0371165,-0.0688661,0.00567432,0.0583419,-0.000253999,0.028321699999999998,0.00383057,0.000444385,0.191065,-0.0908659,0.156339
MbH,-3.35628e-07,-0.000102562,0.000991725,-1.26622e-05,-3.40622e-05,-0.00032657,-0.00012839,-0.00042393,-5.26296e-06,-5.09889e-06,-5.99813e-05,-4.63312e-05,1.78779e-07,5.40986e-05,0.000562885,0.000687184,0.0002413,-0.000388809,0.000618857,9.40612e-05,0.0102139,0.00592643,-0.000245977,-0.00287951,0.0125167,-0.000278299,-0.000892869,-0.000794525,0.0115743,-0.0119571,0.00822367,0.00263928,0.00152543,-0.000622911,0.00574639,0.00033996,0.0125633,0.000590941,0.00175045,0.00196824,-0.406573,-0.0571092,-0.0278131,-0.383521,-0.00374608,-0.0230606,-0.0724651,0.99922,-0.0105844,-0.00355472,-2.87699e-05,-0.0233003,0.00188261,-5.5368e-05,-0.00732305,0.0116316,-0.0202187,-0.0824495,0.143684,0.333105,0.243319,-0.115944,0.106768,0.000790554,1.44098,-0.000135239,6.99374e-05,-0.0497197,-0.207342,0.0525612
MbGRA,8.27775e-08,0.000218678,-0.0886722,1.00473e-05,-2.38156e-05,-0.000139585,7.84424e-06,-3.65287e-05,4.52742e-06,6.5089e-06,-7.72492e-06,4.73918e-05,2.73528e-07,2.06052e-05,-9.94009e-05,-0.000311444,-8.95603e-05,-5.00929e-05,-9.44453e-05,-0.000133518,-0.000498275,-0.000554487,-2.81446e-05,1.88311e-05,-0.00686878,-0.000360692,0.000325977,-0.000339184,0.00133966,-0.00338795,0.000698993,0.000191947,-0.00446601,0.000338294,-0.00158171,-9.26338e-06,-0.000987458,-0.0239146,-0.000902967,-0.00111367,-0.0566322,0.0917739,0.0345456,0.154539,-0.0274967,-0.0013901,-0.00610051,0.000350069,0.92235,0.00153113,3.55337e-05,-0.00342593,-0.00175082,-0.000368072,-0.0046494,0.000540009,-0.00988355,0.0025769,0.0528239,0.0755739,-0.0875296,0.00622984,0.104497,-0.000343612,0.0726224,0.000696491,-0.000109559,-0.0351865,-0.0894017,0.173339
MbSF,2.7894e-07,7.36546e-05,6.47858e-05,-1.10545e-06,-3.73915e-06,0.00158093,0.000135555,7.50395e-05,7.39529e-06,1.36256e-06,0.000325547,0.000498096,3.18764e-05,4.57508e-05,9.85108e-05,7.98659e-05,7.77066e-05,-0.0117737,8.83391e-05,-0.000475341,0.000296395,0.000527427,-2.87842e-05,1.56615e-05,-0.00135566,-7.21016e-05,0.000148078,-0.00082164,0.00182749,-0.00296365,0.000920675,-0.000532629,0.000137322,-0.000145298,-0.01367,0.00153238,0.00593558,0.00131943,0.000364084,0.000401455,-0.0694232,0.0111578,-0.0148205,-0.0651874,-0.026094,-0.00129957,-0.00264069,-3.49339e-05,-0.000671642,0.997781,-1.43687e-05,-0.0119186,-0.00165128,2.86333e-05,-0.00747771,-0.0149679,-0.00964598,0.102011,-0.0737388,0.183393,-0.0237935,0.118259,-0.00737167,-0.000939626,-0.00918051,-0.000320486,-2.24876e-05,-0.0609775,0.0890006,-0.0105231
MbPF,-4.10058e-06,4.45285e-05,0.0018858,-4.03128e-05,0.000158734,-7.61709e-05,0.000205569,0.00136915,6.3357e-05,0.000142746,4.92975e-06,3.99689e-06,-2.75463e-06,0.000257018,0.00134696,0.0015834,0.000648614,0.000516237,0.00118893,0.00110006,0.0142166,0.015929,-2.5733e-05,0.00326419,0.0361,0.0026779,-0.00044022,0.00860427,0.0302782,-0.0214272,0.023062,0.0124347,0.00496974,-0.00023451,0.0197953,0.0111535,0.0270498,0.00536006,0.00559464,0.00617373,-0.801896,-0.139941,-0.199454,-0.8271,0.0475506,-0.0400535,-0.123823,-0.00055102,-0.0179636,-0.0261695,0.9997780000000001,-0.135594,-0.0107141,-0.00363234,-0.0578505,-0.0888062,0.504971,0.985164,-2.3808,2.45263,-1.03731,1.74345,0.280348,-0.00440388,-0.0373826,0.00126266,0.000641455,-0.0119616,3.32958,1.44843
BO,-5.4338e-07,-2.70697e-05,2.80206e-05,-5.67458e-06,-7.02648e-06,-0.000385965,0.000447673,0.000115499,1.31532e-05,5.87731e-05,0.000270182,0.000103334,-1.19402e-06,-0.00117023,-0.000484348,0.000570638,0.00011168,0.000743006,0.000131108,0.000876641,0.00237572,-0.0426777,9.77815e-05,0.000181196,0.00270917,0.000200471,2.51007e-06,0.00133144,0.00664757,-0.000441262,-0.0332042,0.0100425,0.000711284,0.000934846,-0.0342328,-0.0154648,-0.030706,-0.00221243,-0.00473178,-0.00143957,-0.210085,0.0739262,-0.0115427,-0.067862,-0.0181943,-0.000260655,-0.00143383,-4.36014e-05,-0.000248349,-0.00184557,-1.44714e-05,0.976721,-0.00828513,-0.000269106,-0.0137027,0.00328988,0.00297415,0.00232281,0.00204755,0.177692,0.222563,0.0200451,0.0277967,-0.00150977,-0.00521108,0.00215442,0.000148091,0.00328423,-0.0175046,0.193729
EUP,1.72043e-06,9.31337e-06,9.74491e-07,1.86372e-05,-1.85889e-05,0.000690297,-0.00137118,0.000162002,-0.0011177,-0.00221887,-0.00028267,0.000143054,-1.29835e-06,1.41295e-06,4.23049e-05,-5.35672e-05,-8.20055e-06,-0.00320671,1.31712e-05,-0.00342369,-0.0345822,-0.0255694,0.000858691,-0.000918116,-0.0193934,0.000133722,-0.000909687,-0.0189096,0.00122465,-0.00970262,0.000638381,0.00456881,-0.000425765,0.00132235,-0.00135113,-0.00120005,-0.015584,0.000200709,-0.0019175,-0.00183573,-0.0437039,-0.00185097,-0.000526859,0.000768214,-0.000321141,2.10411e-06,1.56324e-05,3.20026e-06,1.02382e-05,-2.74949e-05,1.02489e-06,-0.00184106,0.874211,-0.000375953,-0.00534942,-0.0209707,0.17496,0.141981,0.14143,-0.00311687,0.00492442,0.0940706,-0.0109075,0.174322,-0.00433906,0.00118451,-0.00107249,-0.00774154,-0.0765656,-0.0411999
ZG,-1.14908e-07,-5.57522e-05,2.38667e-06,1.43325e-07,-2.29902e-05,0.0100045,-3.92081e-05,-0.00121773,-9.44419e-06,2.46524e-05,-8.20777e-05,-0.000135975,-8.91246e-06,-8.15121e-06,1.32337e-05,3.466e-05,7.93787e-06,0.00332515,8.86157e-06,0.000111741,5.85151e-05,0.000438523,6.90403e-05,3.50188e-05,5.31617e-05,-0.135302,0.00153025,-0.00196744,0.0014287,-0.00200397,0.000183231,0.000499978,3.925e-05,0.000259127,0.00115266,-0.000310925,-0.000423356,-0.00019103,8.871e-05,0.000231943,-0.000233598,-0.00706289,-0.00162426,-0.00352026,-0.000755208,-7.1253e-06,-0.000146376,-1.1386e-06,7.04441e-06,4.64327e-06,-2.08923e-07,0.000575467,-0.00832211,0.962599,-0.0147256,0.052164,0.142085,0.0904278,0.0787692,-0.000829297,-0.0283683,0.101516,0.00861676,0.000682606,0.00142727,6.14716e-05,1.63809e-05,0.0102058,-0.0183756,0.0559544
ZL,1.39206e-06,-0.00190992,3.58259e-06,4.08169e-05,8.36059e-05,0.00234752,0.000187975,-7.85174e-05,-3.34772e-06,5.58544e-05,0.000578337,0.000692527,2.40291e-05,1.00949e-07,-0.000157259,5.19236e-05,0.000145919,-0.00847771,3.58426e-05,-0.00105248,0.001664,0.00102018,-2.9404e-05,6.20809e-05,-0.0080588,-0.0180968,0.000711847,-0.0162824,-0.0102055,0.0804072,0.000458056,0.00156044,-5.78672e-05,-0.00261294,-0.105385,-0.00100702,-0.00268747,-8.45852e-05,-0.00155939,-0.0055323,-0.0235778,-0.00641599,-0.00311196,-0.0110148,-0.000541425,2.5064e-05,1.57111e-05,-3.92379e-06,1.07685e-05,-0.000389751,-1.93349e-06,-0.00257357,-0.00800053,-0.00900459,0.961718,0.034377,0.112902,0.0833609,0.189501,0.019129,-0.0362714,0.106462,0.00707912,-1.39964e-05,0.000400391,0.000295859,0.000199064,0.00448566,0.0361283,0.0405485
ZM,2.62738e-06,-0.000258538,8.58003e-07,3.37209e-05,9.2894e-06,0.000288475,0.000937696,-0.00705224,-0.000155686,0.00016309,2.24699e-05,-3.31608e-05,-1.10789e-06,-7.40152e-05,3.33677e-05,2.41503e-06,-5.93299e-06,0.000755104,-8.24475e-06,-3.13286e-05,-0.00179709,0.00252502,0.000349988,-0.000363417,-0.0248839,-0.00230146,0.000967563,-0.0339933,-0.0023046,-0.0483332,0.000464048,0.000490678,0.000176848,0.00138945,0.00136637,-0.000849864,-0.000418721,-4.56495e-05,-0.000183948,-0.000218414,-0.028678,-0.00033213,-0.00010083,0.00733169,-0.000167962,-7.40792e-06,-0.000155986,4.23968e-06,1.73365e-05,-2.22074e-05,1.32281e-06,-0.000201996,-0.0555383,-0.00460932,-0.0140375,0.884169,0.0223529,0.456723,0.118746,-0.00152814,0.0372735,-0.0296711,-0.019364,0.024288,-0.00550879,0.000138458,0.000114811,0.00407776,-0.0838465,-0.0913136
ZS,1.11301e-07,2.95388e-06,5.54981e-07,4.00433e-06,7.18788e-06,0.00026413,1.13199e-05,0.000411835,-2.35493e-06,6.158e-05,5.29567e-05,7.02853e-05,5.03259e-06,-1.63335e-05,1.66534e-05,3.92746e-06,-3.23286e-06,-0.00178738,-7.5814e-06,0.000184616,0.00120059,0.000853107,-3.36943e-05,9.14854e-05,0.00189726,0.00021459,4.46468e-05,-0.00385987,0.000537219,-0.00974194,0.000248351,4.72973e-05,-7.22359e-05,5.34442e-05,0.00126739,-0.00038593,0.000118968,2.1643e-05,9.00319e-05,8.43933e-05,-0.0116166,0.00309186,-0.000533324,0.00560721,0.000409045,-7.35135e-07,2.04271e-05,1.98495e-06,1.17346e-05,-7.56736e-05,-1.16187e-07,-0.000306789,-0.0232708,-0.00200923,-0.0142968,-0.0506033,0.847034,0.0354294,0.331427,-0.000610627,0.029981,0.278283,-0.00667649,-0.00513284,-0.00154436,-2.23769e-05,2.7898e-05,0.000357948,0.0932803,-0.064033
PL,-5.80246e-07,3.28273e-05,8.01114e-07,-5.32236e-06,-1.23164e-05,-0.000121521,-0.000132156,0.000816725,3.44455e-05,3.21971e-06,-1.13297e-05,-6.93192e-06,-8.17226e-08,1.47351e-05,6.62493e-06,-2.61404e-05,-3.51772e-06,4.92434e-06,-7.5905e-06,4.31654e-05,0.00174491,0.00065205,-0.000100976,5.62969e-05,0.00447915,0.000339096,-0.000253145,0.00466387,0.000872338,0.00472445,0.000169767,-0.000125109,-5.87569e-05,-0.000266378,-0.0010096,0.000150788,-0.000563902,-5.80903e-05,1.03124e-05,1.58074e-05,-0.0264973,0.00187199,-0.000875513,0.00433958,-0.00022501,-3.60692e-06,-1.59718e-05,3.12664e-06,4.07427e-06,-0.000108387,1.77135e-06,-0.000178216,-0.00386011,0.000488046,-0.00014237,-0.111187,-0.0788846,0.868056,0.104812,-0.00125807,0.0205635,-0.12195,-0.0182258,-0.0053831,-0.00475991,-0.000175412,-1.70692e-05,-0.000840253,-0.190541,-0.0576581
PB,-2.22332e-07,3.08582e-05,2.35417e-06,-2.66662e-06,1.47955e-05,-3.13424e-05,9.69941e-06,0.000119548,7.25615e-06,-5.2137e-06,-6.86366e-06,-1.01782e-05,-1.53194e-06,9.30161e-06,2.74486e-05,3.06597e-05,6.37807e-06,0.000544746,-1.25815e-06,7.88904e-05,-0.000550017,-0.000316923,4.76076e-05,9.03321e-05,0.00299653,0.000205324,-6.27625e-05,0.00216678,0.000906203,-0.00154249,0.000546336,0.000638771,9.81032e-05,1.11231e-06,0.000323061,-0.000329614,0.000346771,-3.83049e-06,9.65549e-05,1.05871e-05,-0.0117152,0.00327633,-0.00284503,0.00249523,0.000814335,4.42629e-06,0.000137817,-7.78936e-07,1.72173e-05,-0.000202442,-2.75033e-06,-0.000125741,0.00548708,0.000486531,-0.000826715,-0.00770893,-0.161691,0.092985,0.595669,-0.000577162,0.00420165,0.112105,0.0177338,0.000530964,0.00394139,0.000166657,2.13034e-05,0.000681156,0.430819,-0.00931296
MB,-6.19931e-07,3.7076e-05,5.1691e-05,-6.23887e-06,9.20179e-07,-0.000131447,-3.68534e-05,-0.000183852,-8.55991e-06,-2.96018e-06,-6.5819e-05,-4.32638e-05,-3.09472e-07,9.92015e-05,0.00034671,0.00035227,0.000124914,-0.000139189,0.000154922,0.000242178,0.00769924,0.00730132,-0.000180143,0.000732548,0.0153239,0.000551665,-0.00080272,-0.000286191,0.00881165,0.0042059,0.00667807,0.00175651,0.000245258,-0.000414364,0.0110112,0.00402985,0.00690684,0.0019946,0.00115155,0.00131405,-0.29525,-0.0328633,-0.0535459,-0.242802,0.0169518,0.000809588,0.00308044,-0.000150319,-1.54433e-05,-0.0086797,-6.7374e-05,-0.0556348,0.00309558,0.000552824,-0.0195179,0.0064495,0.00800174,-0.0524186,-0.0205702,0.929928,-0.0218365,-0.0680304,-0.0708057,0.000883774,-0.0480613,-0.000317083,8.82704e-05,0.015473,0.0420668,-0.188649
BB,-7.75024e-07,1.00039e-05,9.70688e-06,-5.83805e-06,1.25381e-05,-0.000136239,3.94992e-05,9.09561e-05,8.71962e-06,2.65665e-05,2.95464e-05,1.58712e-05,-4.31911e-07,-5.12327e-05,6.31225e-05,0.00013515,4.66031e-05,8.46748e-05,5.04958e-05,0.000126107,0.00295248,0.00107387,-4.59138e-05,0.000234766,-0.00204784,0.000232801,0.000329872,0.000879886,0.0060073,-0.00251871,0.00303624,0.00260587,0.000141703,0.000191479,-0.00397112,0.000168151,0.00218881,0.000331618,0.000740762,0.0007712,-0.18255,-0.0180036,-0.00400664,-0.0444034,-0.00473403,-1.8409e-05,-6.43755e-05,-2.92061e-05,-4.46448e-05,-8.28205e-06,-1.91253e-06,-0.00975798,-0.00160577,-0.000874344,-0.0055892,0.00239929,0.00323308,0.0499721,0.0274418,-0.0157269,0.689284,0.0919352,0.0803653,-0.000195066,0.00744616,0.000236578,0.000119145,0.00500288,-0.070858,0.49605
PS,-1.02091e-07,-2.46671e-06,-1.6519e-07,-8.75223e-07,-1.20159e-05,-9.37097e-05,-2.39176e-05,-0.000150168,2.88367e-06,-5.69324e-06,-1.71558e-05,-1.79158e-05,-7.35752e-07,5.47294e-06,3.02795e-06,-3.19297e-05,-5.95593e-06,0.000252878,-7.50292e-06,-2.79173e-05,0.00077032,0.000456218,-3.62779e-05,-2.54167e-05,0.000486979,-2.76541e-05,-0.000125206,0.000445308,0.00019038,-0.00196054,4.8509e-05,-0.00016736,-3.3501e-05,-7.77436e-05,-0.000613589,0.000209932,-0.000582666,-2.00665e-05,-6.79803e-05,-6.62158e-05,-0.0180034,0.00141169,0.000280944,0.00467161,-0.000205148,-4.1165e-06,-4.62807e-05,3.20968e-06,3.04159e-06,-1.94212e-05,1.94413e-06,-0.000279334,0.000484718,0.000264864,0.000633898,0.00848641,-0.164435,-0.0746707,0.0874218,-0.000709426,0.0272749,0.845394,-0.0208217,0.000114883,-0.00509006,-0.000143207,-1.95631e-05,-0.000499355,-0.213152,-0.0665691
SG,3.13983e-07,-1.8273e-05,3.79406e-07,1.47174e-06,-1.43471e-05,9.64859e-06,-5.15747e-05,-0.000192397,-9.96644e-06,-1.78009e-05,-2.33006e-05,-1.20214e-05,4.08496e-07,9.41519e-07,3.62848e-05,3.92988e-07,-6.89853e-06,-0.000192015,1.33567e-05,6.50928e-06,0.00134229,0.000417469,-5.24253e-05,4.13829e-05,0.00459189,-0.000181498,-0.000411512,-0.00104415,-0.000405268,0.00432904,3.35922e-05,-0.000772216,-9.20263e-06,-0.000235464,0.00172009,0.00104101,0.000412528,0.000297696,-0.000193,-0.000245731,-0.00778251,0.00424144,0.00549735,-0.0404884,0.00566101,0.000192273,0.00060413,-2.02526e-07,5.05507e-06,0.000301669,3.90954e-06,-0.00152419,0.0021671,0.000725129,0.00402931,0.00521992,-0.0192589,-0.0861365,0.0807074,-0.00776137,0.186047,-0.144711,0.920886,0.000576482,-0.0215969,-0.000282958,-4.52593e-05,0.000553109,-0.0898652,-0.377546
DF,-1.9403e-06,8.57804e-05,-9.27108e-07,-2.30338e-05,7.09119e-06,-0.000519811,0.000469581,0.0023784,0.00070911,0.00123724,0.000154593,-7.56634e-05,8.94931e-07,2.61949e-05,-3.75151e-05,2.9808e-05,6.94481e-06,0.00170004,-4.48881e-06,0.00200422,0.0208119,0.0140244,-0.000624863,0.000660414,0.0200507,0.000724104,0.000186673,0.0232847,6.6091e-05,0.0232966,-0.000553472,-0.00285433,0.000189617,-0.00126875,0.000246143,0.00102751,0.00925746,-0.000101579,0.00118107,0.0011458,0.0363537,0.00105898,0.000399481,-0.00327434,0.000226273,1.39036e-06,4.43098e-05,-3.44249e-06,-1.27338e-05,2.94418e-05,-1.03951e-06,0.00115894,-0.490626,0.00195685,0.0088287,-0.297946,-0.154076,-0.247271,-0.140012,0.00240247,-0.0171587,-0.0601168,0.0133132,0.88968,0.00451343,-0.0007426,0.000585124,0.00305841,0.0672174,0.0588072
MA,-3.9976e-08,1.41849e-05,-1.23746e-05,-6.12953e-07,-1.02202e-05,-4.90297e-05,-4.51402e-05,-0.000224949,-9.00152e-06,-7.51984e-06,-2.65817e-05,-1.24578e-05,2.48087e-07,1.65867e-05,0.000127278,0.000298754,3.47487e-05,-0.000219863,7.9664e-05,0.000116687,0.0044221,0.00249508,-0.000102061,0.000184591,0.0099393,-0.00012376,-0.000627938,-0.000651798,0.00396908,-0.00393153,0.00243634,0.000694631,-0.000468686,-0.000317233,0.00354469,-0.00397614,0.00253582,-0.000810929,0.000368308,0.000270984,-0.151807,-0.0179936,0.0050117,-0.12423,0.0086674,0.00043705,0.00135592,-0.000426612,-0.000146188,0.000456816,4.47871e-06,0.00119566,0.00229692,0.00055681,0.00517879,0.00540359,-0.00819931,-0.0741391,0.0446788,-0.0268128,0.102209,-0.115968,-0.0763016,0.000638844,0.965185,3.68941e-05,2.27278e-05,0.00358116,-0.0413495,-0.299211
ESH,-2.17592e-06,-0.00208253,-0.000325348,-0.000113174,-0.000204263,-0.0034854,-0.00153109,0.00690427,-3.28691e-05,0.00211951,0.00575709,0.00532175,-6.35487e-05,0.0013136,0.0170917,0.000433595,0.000891407,0.0208006,0.000391399,0.00116408,0.058531,0.128711,-0.00027103,0.0292779,0.0364115,-0.00118869,-0.00318891,-0.00277768,0.0088322,0.0135167,0.0450063,-0.017553,0.0240157,0.00405364,0.0118497,0.104219,-0.00264038,0.0832368,-0.00257083,0.00105641,0.187092,0.177663,0.0206813,0.0144948,0.00670731,-2.83947e-05,0.00361357,-1.80487e-05,-0.000606581,-0.000202782,-1.35778e-06,0.00767757,0.0260156,-0.000441217,0.00135303,0.0153011,-0.00730231,0.0237103,0.0981296,0.0238497,0.0278759,0.0022221,0.0190139,0.00579541,0.0257591,0.980852,-0.0129444,-0.0417695,-0.137461,0.0812143
ESS,1.64255e-06,0.00246649,-4.35966e-05,0.000186765,0.000318812,-0.000533113,-0.00118898,-0.00127585,-0.00012243,-0.000248904,9.23394e-05,0.000277585,9.41557e-06,4.70687e-05,0.000510388,0.000393589,5.20597e-05,0.00135348,-0.000371115,0.0318611,-0.00685872,0.0510222,0.000600763,-0.000286301,0.0878495,-0.00123686,-0.00654094,-0.00805494,-0.0100525,-0.00904416,0.0282307,0.158934,-0.0010649,-0.0367483,0.0597053,0.010938,0.0486385,0.00522176,-0.00188961,-0.0025047,0.316336,0.144262,0.00401075,0.00264714,0.00833241,-6.08373e-05,0.00159445,-1.99459e-05,-0.000308766,-0.000375976,-1.43643e-06,0.00233225,0.108567,-0.000477395,0.00853748,0.00913966,-0.000748654,0.0379812,0.120969,0.0250721,0.0577764,0.00893753,0.0155077,0.0220701,0.0211339,0.0396926,0.99517,-0.0831193,-0.164084,0.0859306
DC,-6.42421e-06,0.000536145,9.44674e-05,1.42848e-06,0.000561424,0.00212265,0.000908586,0.00171365,-2.58079e-05,0.000146711,0.000247197,0.000272164,-4.84502e-06,4.90101e-05,0.000887768,0.00132513,0.000250145,0.00171914,0.000331021,0.00184522,0.0143728,0.0154825,0.000216772,0.00369488,0.0702377,0.0082798,-0.000251151,0.00856198,0.00319565,0.0449121,0.0101424,0.0169072,0.00197246,0.000940026,0.0262919,-0.0140566,-0.0516967,-0.013468,-0.00101123,0.00205668,0.111285,-0.230068,0.0167497,0.0726683,-0.0411665,-0.00106766,-0.0158942,1.51319e-05,0.000708461,0.0029528,3.44556e-07,0.0058483,0.0157503,0.00218699,0.00461971,0.0213117,0.0105548,0.0187345,0.0115599,0.0086946,0.072623,0.0042088,-0.0106651,0.00401825,-0.000553855,0.00495747,0.00104915,0.927747,0.00123718,-0.062285
SPOM,-1.92042e-07,1.54234e-05,2.72624e-06,-1.06445e-06,1.97217e-05,6.96336e-05,2.3567e-05,0.000182475,5.54852e-06,1.35267e-05,1.23088e-05,1.50679e-05,-9.20264e-09,5.38792e-06,3.776e-05,3.08539e-05,5.82216e-06,5.71027e-06,-6.06803e-06,0.000141886,-0.000168099,-5.19904e-05,4.39466e-05,0.00012687,0.00406014,0.000113006,-6.77451e-05,0.000784639,0.00111035,-0.000929116,0.000730748,0.000748965,8.84361e-05,-7.07603e-06,-6.22926e-05,-0.000472454,0.000408917,1.9873e-05,0.000109659,-4.13599e-05,-0.018764,0.00567896,-0.00328614,0.00643429,0.00119941,4.99349e-06,0.000171064,3.80922e-07,2.65105e-05,-0.000257733,-3.12096e-06,-0.000422067,-0.00130712,-0.000140832,0.00312535,-0.0148889,0.0739664,0.12251,-0.369403,-0.000634543,0.0261058,0.213224,0.0146748,-0.000679998,0.0033643,0.000171081,3.34522e-05,0.000763718,0.536626,-0.0551078
BD,-4.27691e-07,1.75984e-05,5.92468e-06,-1.91013e-06,1.67305e-05,-1.95364e-05,7.4768e-05,0.000222371,1.26344e-05,2.08891e-05,3.30031e-05,1.13955e-05,-6.57051e-07,-9.18304e-06,-4.25559e-05,0.000167363,4.6174e-05,0.000294221,6.07789e-05,-7.85605e-05,-0.00166036,-0.00062489,6.1562e-05,2.70879e-05,-0.0078219,0.000275355,0.0006204,0.00132317,-1.54509e-05,-0.00595081,-0.000282058,0.000761915,9.27246e-05,0.000343312,-0.00196906,-0.00129887,0.000272511,-0.000463461,0.000392934,0.000725636,0.0268318,-0.0229339,-0.00623128,-0.0453992,-0.00295739,6.86565e-06,-7.09348e-05,-1.73726e-05,-6.27352e-05,-0.000183455,-3.61476e-06,0.00384503,-0.00254978,-0.00103945,-0.00684012,-0.00189258,-0.00015852,0.0833573,0.024643,-0.00187391,-0.295986,0.136277,0.0982876,-0.000556132,0.0192146,0.000452358,7.52036e-05,0.00302739,-0.0772996,0.596815
