TOT,SB,MM,TUR,XIP,THU,LPL,MPL,SPL,HAK,HAK1,HAK2,HAK3,HAK4,MUL,MUL1,MUL2,MUL3,TRA,PAG,DFS,DFH,DSM,DSP,DSR,MSC,MSG,MSP,ENG,SAR,EPI,CEBH,CEBS,CEPH,CEPS,DNS,DNH,DRS,DRH,ARF,PWL,SUP,MbO,MbFF,MbDF,MbC,MbPAR,MbSCA,MbH,MbGRA,MbSF,MbPF,BO,EUP,ZG,ZL,ZM,ZS,PB,BB,PS,DF,PL,MB,SG,MA,Bathyrajabrachyurops,Chimaeramonstrosa,Dalatiaslicha,Dipturusoxyrinchus,Etmopterusspinax,Galeusmelastomus,Mustelusasterias,Mustelusmustelus,Myliobatisaquila,RSH,RSS,Rajaasterias,Rajaclavata,Rajamiraletus,Rajapolystigma,SSH,SSS,Scyliorhinuscanicula,Squalusblainville,Torpedomarmorata,Torpedotorpedo,DC,SPOM,BD
SB,0.998222,0.0322423,0.000186867,-0.0166674,-0.00588877,-0.105053,-0.0283514,-0.0619387,-0.00389555,-0.00751095,0.0173038,0.0239244,0.00178888,-0.00197206,-0.00461884,-0.0101849,-0.000357624,-0.683243,-0.000998777,-0.0659963,3.25984,0.263838,-0.0379391,0.399612,-0.620399,-0.0343648,0.00598682,13.9562,5.92992,3.59092,-0.100984,-0.0486026,-0.202147,-0.333597,-0.107391,0.37465,-0.162814,-0.0145315,-0.0181318,-0.0130203,5.42373,-0.316552,0.00582493,-0.0424587,-0.0163178,0.000284679,-0.0200851,-0.000177544,0.000653185,-0.00366678,-8.37438e-06,0.00457763,1.13156,-0.0731846,0.257316,8.55568,5.53019,5.2964,1.07227,4.56033,0.57849,7.99147,0.281076,0.0352642,0.249793,-0.000126165,0.000164219,-6.19596e-05,-0.000456839,0.000190715,-0.0003652,-0.00104176,-0.0203745,-3.30583e-05,-0.00292185,1.24312e-05,-0.00131632,-0.0116768,-0.00435455,-0.0001458,-0.00507551,0.000369024,-0.0125601,-0.000640491,-0.000738864,-0.00193155,1.36127,-2.71222,0.941394
MM,-4.81198e-06,0.967132,-0.000186692,-0.00206267,-0.0041209,-0.0159617,-0.00557192,-0.00248247,-4.99976e-05,-0.000220333,-0.00157969,-0.00176182,-9.288e-05,-2.70956e-05,-0.000102084,4.18771e-05,-2.79067e-05,0.0315076,0.00268577,0.0107327,0.0363474,0.0344243,0.0169735,0.00241695,0.175081,-0.00607969,0.0529215,0.0367158,0.00647525,0.045043,0.00344619,0.0143222,0.133407,0.286346,0.0223117,0.00276123,0.0110754,0.00273748,-0.000730944,-0.00151465,0.106748,0.0416505,-0.000587806,0.00151604,0.00584868,6.32762e-05,0.00861098,-6.88655e-06,-0.00027278,-0.000151557,-1.8391e-07,0.00103288,0.0184274,-0.00302986,0.148415,0.100905,0.0835761,0.150847,0.0181465,0.0260333,0.00786799,0.0690253,0.0116064,0.00494819,0.0100991,-9.33165e-05,-2.04262e-05,-3.08677e-06,-0.000106019,-3.75506e-05,0.000466733,-5.62876e-05,-0.000593715,-1.63355e-05,-0.000319323,-6.35422e-06,-4.78574e-05,-0.00276074,-0.000650309,-5.32178e-06,-0.000414297,1.14846e-05,-0.00495697,8.41633e-05,-0.000104887,-2.866e-05,-0.078803,-0.107071,0.0410649
TUR,3.48209e-07,-0.00235939,0.921838,-0.000111678,2.30451e-05,-0.000298728,-0.00121565,-0.000314444,1.15376e-05,-9.8811e-06,-0.000142944,-0.000447542,2.11582e-06,-6.91854e-05,-0.0015276,-0.000377941,-0.000435443,-0.000470762,-0.000165249,-9.23891e-05,-0.00633107,-0.00105786,0.000105543,-0.00814038,-0.0307091,-0.000770971,0.00146532,0.00169474,-0.00275153,-0.00887734,-0.0176399,-0.00205044,0.0436164,-0.00139436,-0.00830976,-0.00750381,-0.00862763,0.236054,-0.00406465,-0.00457309,0.169779,0.300306,0.320882,0.118753,-0.0303538,-0.00159273,-0.00802921,0.000250086,0.800727,0.000735928,2.6207e-05,-0.00986497,-0.0025827,-0.000770065,-0.0106948,-0.00972925,-0.0292163,0.0921429,-0.127563,0.0844876,-0.000951067,0.0707469,0.11378,0.133952,0.145748,-6.32484e-05,-0.000138624,-3.88175e-06,-0.000189868,1.02983e-05,6.67353e-05,4.71421e-06,-0.00147316,-0.000103914,-0.00153744,-3.07359e-05,-0.00152578,-0.00182804,-0.00608831,-1.47171e-05,-1.16947e-06,3.44433e-05,-0.00143002,1.01834e-07,9.54509e-06,3.41481e-05,-0.0392988,-0.169518,0.366379
XIP,-4.85448e-05,-0.0382364,-0.000189517,0.996854,-0.00483113,-0.00824899,0.0268261,0.00792709,-5.58585e-05,-0.000192662,7.31811e-05,0.000430045,5.66706e-05,-7.86839e-05,-0.000460554,-0.00020586,0.000332022,-0.0243886,-0.000321218,0.0121144,0.0190145,0.0181456,-1.93678e-05,0.00343386,0.183811,-0.00337678,-0.0070761,0.420402,0.142475,-0.0132894,0.0480865,0.0171169,0.134356,0.376253,0.0210785,0.0128318,0.012825,0.00121562,-0.000905119,-0.00157099,0.228276,0.0495869,0.0014868,6.35721e-05,0.00711899,6.18005e-05,0.00890531,-1.0175e-05,-0.000291669,-0.000463824,-1.40775e-07,0.00258901,0.0345496,-0.00236881,0.0378633,0.222639,0.113228,0.185878,0.0562807,0.0235088,0.0160121,0.136031,0.0160017,0.00183367,0.0139603,-7.65082e-05,-2.41882e-05,-8.62561e-06,-0.000142552,-4.14302e-05,0.000671262,-0.000123529,-0.00102715,-1.77301e-05,-0.000321823,-8.03371e-06,-6.00034e-05,-0.00341979,-0.000731318,-7.53827e-06,-0.000565795,1.10174e-05,-0.00500166,6.18393e-05,-9.43232e-05,-9.21815e-05,-0.0824276,-0.154076,0.0343462
THU,-3.79935e-06,-0.00763012,-1.12391e-05,-0.000486334,0.998115,-0.0119835,0.00941859,0.0123191,-2.58548e-05,-0.000115327,-0.000887592,-0.00122456,-7.49869e-05,2.52984e-05,0.000302457,5.65359e-06,3.62484e-06,0.025852,-5.62667e-05,0.00756316,0.0156458,0.00451597,0.0290704,0.00638874,0.0931307,-0.00244689,0.0398487,0.0269395,0.0177223,-0.00256608,0.00063233,-0.00308406,-0.000544008,0.0737394,0.00850281,0.00313949,0.00435631,0.00124365,-0.000177726,-0.000283936,0.0465299,0.0278365,0.000242553,-0.00452753,0.00401252,8.9935e-05,0.0015653,-2.81791e-06,-8.00236e-05,-9.24568e-05,3.64771e-07,-0.000389449,0.0134851,-0.000549236,0.00876959,0.0395299,0.00861422,0.0789304,0.0165172,-0.0254594,0.00428624,0.00749739,0.00321605,-0.00379618,0.00163685,-4.03228e-05,-1.40399e-05,-3.33045e-07,-8.2645e-05,-3.36906e-06,3.98795e-05,-3.61588e-05,-0.000705116,-8.5805e-06,-0.000160977,-4.53561e-06,-2.97198e-05,-0.000939424,-0.00038936,-2.27252e-06,-9.26476e-05,-1.4751e-05,-0.000241205,-2.86875e-05,-1.65765e-05,-6.26019e-06,-0.0751337,-0.0941054,-0.00130804
LPL,-1.12189e-05,-0.00620413,-1.67058e-05,-0.000242104,-0.00227469,0.917947,0.0122752,0.0206377,-7.38543e-05,-0.00017257,-0.00891597,-0.0134644,-0.000876002,-3.80231e-05,-0.000260268,-0.000291402,-1.64383e-05,0.323324,-0.000100697,0.00445391,0.00763694,-0.00181846,-1.20853e-05,-0.000951619,0.146549,0.12191,0.127911,0.0498891,0.118342,-0.00612712,-0.000875528,0.0158879,0.00123556,0.00701287,-0.00880808,0.0104813,0.00801697,0.000234768,-0.00072447,0.00155525,0.150144,0.0498107,0.000666424,-0.00830833,0.00546257,0.000163498,0.00199212,-8.20528e-06,-0.000127537,0.00117505,-1.55054e-07,-0.0018813,0.0201399,0.0320376,0.0792094,0.103301,0.116185,0.168082,0.0338245,0.0204086,0.00836288,0.0638855,0.010991,-0.000567929,0.00697241,-0.000104448,-2.43567e-05,1.37626e-05,-6.06609e-05,-5.72334e-05,-0.000356067,-7.2087e-05,-0.000664491,-1.52822e-05,-0.00045822,-5.80969e-06,-7.04462e-05,-0.0018248,-0.000584791,-5.02617e-06,-0.000102048,-0.000155337,-0.000271316,-0.000109765,1.13033e-06,5.9946e-05,-0.0879167,-0.126211,0.0215001
MPL,-3.54274e-06,-0.00275316,-6.98301e-05,-0.00176823,-0.00621766,-0.0681905,0.972809,0.214549,-0.000212125,-0.000428651,-0.00247806,-0.002595,-0.000159666,-8.79857e-05,-0.000735491,-0.000738324,-0.00014335,0.0580346,-7.89483e-05,-0.000170606,-0.01173,0.129226,-0.00902825,-0.00151137,0.139093,-0.0113246,-0.0203565,0.0300186,0.010485,-0.0170335,-0.00326318,-0.00366733,0.0334149,0.005611,-0.00414744,0.0194752,-0.00028875,0.000830851,-0.000815139,-0.000678391,0.0864703,0.0522562,0.0324278,-0.00688094,0.00327623,2.62011e-05,0.00308713,-6.71038e-06,-0.000216173,-7.88756e-05,-5.70461e-08,0.00432997,0.125331,-5.81715e-06,0.00671469,0.176774,0.0679059,0.13126,0.0297276,0.0117437,0.032255,0.115729,0.0103109,-0.00131509,0.00549188,-0.000172436,-2.53969e-05,1.05231e-05,-4.78661e-05,1.22986e-06,-0.000239848,-0.000851748,-0.00456563,-2.88203e-05,-0.000610136,-5.66967e-06,-6.4205e-05,-0.00174661,-0.00108502,-1.73199e-05,-0.0017136,2.29211e-05,-0.00261516,-0.000163865,-0.000461557,-0.000106075,-0.0822782,-0.119244,0.014162
SPL,3.1478e-06,0.00142688,-1.67463e-06,0.000110733,-0.000497052,-0.0143319,-0.0970443,0.965803,-0.000100317,8.59376e-05,0.000225917,0.000554085,4.37971e-05,-0.000113355,-0.000772412,-8.43828e-05,-4.97375e-05,-0.014961,-1.9418e-05,-0.00302533,-0.0213515,-0.0174481,-0.0389351,-0.0022616,0.151342,-0.0045681,-0.0140574,-0.0325842,-0.00792542,-0.0401907,-0.0022489,-0.00408826,-0.00292338,-0.00609909,-0.000889112,-0.00398191,0.000934708,-0.000509247,-1.73943e-05,-0.000484528,-0.00272234,0.0161254,0.0078041,0.000112257,0.00143499,2.09201e-05,0.000673239,1.02138e-06,-4.32186e-05,-0.000233662,1.05644e-06,-0.00190846,-0.0550722,-0.000536955,-0.013323399999999999,0.663633,0.00585028,0.122378,0.0241369,-0.0317218,0.0155301,0.331722,0.000314447,-0.0129875,-0.00320602,-2.5849e-05,-8.20777e-06,7.17887e-06,4.66828e-05,-6.74429e-06,-0.000111042,-0.000172264,-0.00623934,-3.61166e-06,-3.2069e-05,-5.19908e-08,1.24501e-05,-0.00220227,-6.60237e-05,1.70516e-06,-0.000202933,2.47003e-05,0.000229659,7.91532e-05,5.29935e-05,2.59092e-05,-0.0413723,-0.116011,-0.046992
HAK,3.1574e-06,-0.000168689,3.95261e-07,1.14475e-05,-8.20046e-06,0.00149205,-0.000668636,-0.00354679,0.99888,-0.00192884,-0.00297023,0.000278441,-0.000272792,-6.7879e-05,5.28059e-05,-0.000383351,-9.61923e-05,-0.00660225,5.50536e-07,-0.016659,-0.0332444,-0.0219312,0.00138343,-0.000949849,-0.0295027,-0.00100115,-0.000269861,-0.0377633,4.65901e-05,-0.0379035,0.0007186,0.00415603,-0.000148946,0.00254196,-0.00102566,-0.00168761,-0.0145051,0.000226151,-0.00187495,-0.00193041,-0.0635078,0.000685595,0.000459029,0.011728,-0.000117935,-4.61581e-06,-8.09003e-05,8.31273e-06,2.95273e-05,-2.96974e-05,2.49251e-06,-0.00237217,0.758492,-0.00341485,-0.0182798,0.449098,0.471349,0.35777,0.0699641,0.126256,0.170516,0.366151,-0.00380391,-0.0375942,-0.0105947,3.01558e-05,-6.96008e-07,2.00237e-05,-7.10988e-05,6.63901e-06,-0.000822658,1.45305e-05,0.000192236,2.92894e-06,8.21473e-05,-1.94897e-06,7.3672e-06,0.00044068,9.97864e-05,2.48412e-06,0.000120243,4.19518e-05,0.00031813,0.000193727,6.17465e-05,3.16928e-05,-0.00447888,-0.138976,-0.181199
HAK1,1.46468e-07,0.000258266,-2.6763e-06,2.43419e-05,3.39383e-05,0.00227052,-0.00116263,-0.00125348,-0.00104458,0.997377,-0.00316024,-0.000848063,-0.00016116,-0.000158391,-0.00152366,-0.000550185,-0.000240494,-0.0101073,-0.000109279,-0.0172096,0.0964032,-0.0331216,-0.00115949,-0.00319082,0.0311928,-0.000428319,-0.00411347,-0.0197958,-0.00561089,0.046616199999999997,-0.00716259,0.000353283,-0.00248208,-0.0015089,0.0613631,-0.00426476,-0.0135094,-0.00079185,-0.00208678,-0.0027539,0.120799,0.0104797,-0.00284546,-0.00846451,0.00371628,0.000123104,0.00137348,-4.46158e-06,-4.53954e-05,-0.000279058,5.56599e-07,-0.00245738,0.804926,-0.000659849,0.000239419,-0.00376483,0.153501,0.179639,0.0388105,0.0925777,0.16112,0.149547,0.00486492,-0.00786688,0.00264759,2.61974e-05,-6.09954e-06,2.49567e-05,-9.80388e-05,1.31726e-05,-0.000953164,-0.000159048,-0.00202091,3.00258e-06,0.000109172,-3.48047e-06,3.66763e-05,-0.0262797,9.70158e-06,4.29827e-06,-0.00196214,0.000110878,-0.00255977,0.000236975,-0.000136308,-0.00175597,-0.075016,-0.136844,-0.00598145
HAK2,-2.66358e-06,-0.00365983,-6.98026e-06,-9.39424e-05,-0.00101294,-0.0555153,-0.00847875,-0.00537345,0.000462955,-0.00013258,0.986877,-0.0176989,-0.00110908,-0.000257419,-0.0023786,-0.00131155,-0.000659067,0.375383,-0.000172507,-0.0312146,-0.00316793,0.106377,0.000487295,-0.00274959,0.101226,-0.00975235,-0.0153565,0.0288984,-0.0035056,-0.00305163,-0.000290763,-0.0151963,0.00399318,-0.000464907,0.228218,0.00485138,-0.00884261,-0.002748,0.00239162,0.0145501,0.0632961,0.0752926,1.01062e-05,-0.00181501,0.00344365,-4.4558e-05,0.000789501,-8.64527e-06,-0.000149509,0.00172613,-6.60693e-07,0.00666587,0.105897,-0.00356923,0.07495,0.0327753,0.126117,0.135355,0.0159894,0.0554756,0.0227187,0.0579226,0.0102795,0.0100155,0.00726892,-0.000191585,-3.55225e-05,1.12013e-05,-0.000693809,2.7788e-05,-0.000266791,-0.000372641,-0.00419803,-2.70641e-05,-0.000660599,-2.53752e-05,-2.71924e-05,-0.0409545,-0.000756536,-1.07585e-05,-0.00344079,0.00017379,-0.00381195,0.000214109,-0.000632581,-0.00251436,-0.0557747,-0.0848449,0.0579449
HAK3,-6.50246e-06,-0.00622571,-7.21123e-05,-0.000152543,-0.00184462,-0.0997268,-0.0121003,-0.00651819,-9.29074e-05,-0.000864045,-0.0202048,0.97011,-0.00190502,-0.000240722,-0.00286445,-0.000822703,-0.000452134,0.659924,-0.000193741,-0.00115393,0.0636328,-0.0202547,-0.00142196,-0.00399989,0.0125255,-0.0163651,-0.0164339,0.0561617,0.00667673,-0.00509139,-0.00645454,-0.0041904,-0.00297922,0.0086031,0.254535,0.0144809,8.98058e-05,0.0221047,-0.0011813,0.0228821,0.0471204,0.0221812,0.000838188,-0.000766445,0.00359544,2.50535e-05,0.000900217,-5.24945e-06,-0.00013023,0.00317911,-1.89007e-07,0.00235989,0.029745,-0.0056136,0.108486,0.0449216,0.188866,0.166488,0.022917,0.063713,0.00808508,0.0528021,0.0072462,0.000654692,0.00361385,-0.000108122,-1.10466e-05,9.46238e-06,-0.000765759,2.18224e-05,-5.7795e-05,-0.000512621,-0.00588489,-8.14444e-06,-0.000598801,-2.28194e-05,-0.000168853,-0.0367055,-0.00073058,-4.60069e-06,-0.00472484,0.000216817,-0.00524309,0.000176567,-0.000469487,-0.003862,-0.0515748,-0.0754804,0.0168024
HAK4,-7.24979e-05,-0.0648155,7.49172e-05,-0.00144823,-0.0206586,-1.16776,-0.1426,-0.0698764,0.0120814,0.0143865,-0.18557,-0.300324,0.978735,0.000824261,-0.000196296,0.00747142,0.00304665,7.72733,-0.000954285,0.585099,0.576893,0.00785846,-0.0321907,-0.0137489,0.214518,-0.175337,-0.196437,0.651518,-0.0172944,-0.0137772,0.111057,-0.0363497,-0.0525816,0.0549819,0.00401499,0.234537,0.00140807,-0.0137796,-0.00802964,0.182144,0.453903,0.213827,0.00863364,0.0279126,0.0182716,-0.000177298,0.00318722,-3.21822e-05,-0.000336612,0.0362762,-2.46809e-06,0.00670174,0.879295,-0.0594661,0.719951,0.535156,2.35718,1.52221,0.143161,0.815235,0.20155,0.655169,0.0638607,-8.84049e-05,0.0344004,-0.0015131,-9.93105e-05,2.10059e-05,-0.0144398,5.99802e-05,-0.0009606,-0.00129653,-0.00850465,-0.000109782,-0.00722408,-0.000414088,-0.00076004,-0.0335959,-0.00408679,-8.9698e-05,-0.00196904,-0.000988518,-0.00346275,-0.00575741,-0.000117369,0.00112523,-0.0376932,-0.332292,0.00331762
MUL,4.85566e-07,8.29928e-05,1.83786e-05,1.97671e-06,0.000125094,0.000596989,0.00041493,-0.0012183,-1.83762e-05,-7.92746e-05,-0.000380277,-0.000340125,2.1486e-05,0.999478,-0.00245412,-0.000941434,-0.000355206,-0.000650329,-0.000154357,-0.0315782,-0.0156419,-0.0155803,-0.00558574,-0.000885708,-0.0131298,0.000130583,0.000694051,-0.00313801,-0.00398219,-0.0134234,-0.0112973,0.00140594,-0.00145098,0.00242027,-0.0104062,-0.00938346,-0.00813667,-0.00687811,-0.00109651,-0.00117079,0.115066,0.0323582,0.000140397,-0.00373814,0.118686,0.000210938,-0.0023277,-2.58365e-05,-9.83009e-05,3.97044e-06,-4.54125e-06,0.11939,-0.0191229,-0.0013981,-0.0123267,0.100257,0.0976046,0.101492,0.141437,0.107212,0.00037798,0.109493,0.033075,0.0652966,0.0195243,-0.000158424,-1.43867e-05,-8.38019e-07,4.23908e-05,1.93322e-05,0.000238353,-9.03354e-05,-0.000970519,-0.000107393,-0.00272605,-1.65844e-06,-0.00211437,-0.00358405,-0.00328988,-3.02089e-05,-0.00239742,0.000251035,-0.00897375,0.000424729,-8.896e-05,-0.00156139,0.0170233,-0.0960795,0.373757
MUL1,1.75398e-06,0.000590655,5.92527e-05,9.05815e-06,0.000492648,0.00133311,0.000463391,-0.00356796,1.23999e-05,-0.000525343,-0.00152587,-0.00172274,2.44029e-05,-0.000802155,0.989798,-0.000992542,-0.000589212,-0.00377362,-0.00036723,-0.0199972,-0.0353347,-0.0365348,-0.0299498,-0.00398057,-0.0266733,-0.000702268,0.000126299,0.000664655,-0.0108881,-0.0142257,-0.0218334,0.000783889,-0.00212546,0.00186893,-0.012126,-0.0259334,-0.00204048,-0.0332046,-0.000572834,-0.00210763,0.2047,0.027746,0.105049,0.0742277,0.0909519,0.00495016,0.0166879,-1.33818e-05,-0.00029359,-0.000285061,-3.02198e-06,0.0164822,-0.0134097,-0.000624356,0.0154852,-0.0123513,-0.0161485,0.0400238,-0.0535775,0.0553954,-0.00319786,0.0376645,0.0377699,0.0527061,0.024726,-0.00100393,-1.35336e-05,3.37353e-07,0.000129536,4.87302e-05,0.000442551,-0.00081839,-0.00954189,-0.000615405,-0.0163602,1.17434e-06,-0.0125381,-0.0226744,-0.0198884,-0.000190271,-0.00888964,0.000481722,-0.00919283,0.00046443,-0.000936266,-0.006439,-0.0601566,-0.0782814,0.238132
MUL2,2.7374e-06,-0.000269391,3.12499e-05,4.54981e-06,4.95073e-06,0.0019006,-0.000487236,-9.49676e-06,-2.26548e-05,-9.96924e-05,-0.000395483,0.000206474,7.64587e-05,-0.000317068,-0.00157916,0.984485,-0.00123323,-0.00761668,-0.000561785,-0.0938179,-0.0273348,-0.0129156,0.00249082,-0.00417612,-0.00415587,0.000139466,0.000634558,-0.0205265,-0.00111139,-0.00215709,-0.0159199,-0.000178844,-0.000559425,0.00474858,-0.00479293,0.492209,-0.00633117,-0.00458395,-0.000572254,-0.00188163,0.0244585,0.0522776,0.0252788,0.30589,0.0668201,-0.000651829,0.00619894,-3.74854e-05,-0.000515175,-0.00040226,-3.52406e-06,0.00453983,-0.0176043,2.00592e-05,-0.00823461,-0.0163765,-0.0232349,0.0479461,-0.0140706,0.0107978,-0.00422036,0.00768042,0.0486536,0.0617293,0.060875,-0.000238003,-2.4484e-05,-1.28978e-06,-0.000168287,1.40323e-05,0.000143544,-0.000328479,-0.00315571,-0.00015661,-0.00414345,-8.99151e-06,-0.000480608,-0.00616021,-0.00771661,-0.000184116,-0.00218244,0.000288871,-0.00227906,0.00098155,-0.000239696,-0.000191131,-0.0281382,-0.0875477,0.094637
MUL3,1.10782e-06,-0.000521221,-6.14147e-05,-0.000169087,-2.50187e-05,0.00184385,-0.000577637,-0.000398429,-4.25498e-05,-0.000320623,-0.00197906,-0.000919,9.38458e-05,-0.000516876,-0.00273186,-0.00662787,0.997783,-0.00630327,-0.00096394,-0.129819,-0.0222825,0.0359227,0.00200676,-0.00289472,-0.0128078,-0.00202557,0.00083191,-0.00438682,9.105e-05,0.000329442,-0.00909072,-0.00631497,-0.000729485,0.00243904,0.364892,0.0702624,-0.0196396,-0.00759062,-0.00205969,-0.00757492,-0.0619278,0.111712,0.281904,0.427994,0.224577,0.00410456,0.0151263,-3.88701e-05,-0.00117386,-6.83807e-05,-6.53163e-06,0.00539611,-0.0186669,-0.00104124,0.0560525,-0.00991762,-0.020237,0.0875515,-0.0605275,0.04046,-0.00416648,0.0347854,0.0912537,0.0995195,0.0610952,-0.000523809,-5.27123e-05,8.39282e-06,-4.36776e-06,2.86154e-06,-0.000278604,-3.36602e-05,-0.00201971,-0.000320571,-0.00748024,-9.5308e-06,-0.000801531,-0.0112001,-0.0105514,-0.00011817,-8.64993e-05,0.000217966,-5.6008e-06,0.00120003,-9.36128e-05,3.40066e-05,-0.0897699,-0.130519,0.196918
TRA,-7.97419e-06,-0.00775232,9.58716e-06,-0.000190625,-0.00238353,-0.132625,-0.0159901,-0.00765922,-0.000118294,-0.000211489,-0.0237977,-0.0364593,-0.00237537,-3.65434e-05,-0.000152195,-0.000861699,-7.46409e-05,0.881151,-5.89936e-05,-0.00771003,0.0293809,-0.00924465,-0.000659652,-0.00089989,0.0336475,-0.0197255,-0.0224699,0.0766479,-0.000844422,0.0016595,0.00292149,-0.00384761,-0.00460164,0.00982403,-0.00395684,0.0256389,0.000655435,-0.00178192,-0.00061603,0.00673463,0.0267962,0.0176959,1.99494e-05,0.00201182,0.000390035,-3.85459e-05,0.000150326,-2.07575e-06,-1.77233e-05,0.00414175,-1.75383e-07,-0.0004102,0.0293525,-0.00662934,0.0776884,0.0595573,0.255683,0.154266,0.0112148,0.0836517,0.00871694,0.0590517,0.00502646,-0.00095544,0.00245363,-0.000164835,-8.08064e-06,-1.75652e-07,-4.22502e-05,5.29121e-06,-1.7274e-05,-0.000131498,-0.000799953,-9.8751e-06,-0.000748351,-2.65249e-06,-7.92549e-05,-0.00315722,-0.00036493,-8.96007e-06,-9.71694e-05,2.9014e-05,2.82461e-05,9.28366e-05,2.56161e-05,0.000177884,0.0060097,-0.0210695,-0.0061671
PAG,-2.40798e-07,-0.0161838,2.46001e-05,3.76765e-05,0.00014222,3.94914e-05,-0.000236938,-0.000597202,-6.53684e-06,-0.00017846,-0.000388147,-0.000256875,6.83112e-06,-0.000220821,-0.00162923,-0.00216471,-0.000729806,-0.00307619,0.998327,-0.0030194,0.0623354,0.018954,-0.00478692,-0.00313523,-0.0199363,-0.000691952,-0.00028579,-0.00300145,-0.00283206,-0.00869573,0.0885994,0.0798053,-0.00848693,-0.00706543,0.0505245,0.0174042,0.00719766,0.00616041,-0.00155827,-0.00437547,0.0463837,0.118725,0.0182684,0.580253,0.171827,-0.000980723,0.112335,-1.09089e-05,-0.0008933,-0.000118075,-2.24239e-06,0.00355905,0.0060124,-0.000434114,0.000956816,-0.0013343,-0.0208541,0.09366,-0.0363243,-0.00545968,0.00110927,0.00124656,0.0897203,0.118071,0.079934,-0.000229388,-5.55056e-05,3.51731e-05,-0.000141,-0.000175046,-0.000554037,-0.000118309,-0.00111178,-0.000148498,-0.00326649,-1.3888e-05,-0.000395683,-0.0050523,-0.0048518,-4.82866e-05,-0.000448818,-0.000381572,-0.000552594,-0.000331712,-0.000115307,-0.000135008,-0.0583494,-0.149522,0.176028
DFS,2.13805e-07,0.00436449,4.60257e-06,0.000303361,0.00023042,-0.00871751,-0.00113656,-0.00266389,0.000372103,0.000438617,0.0037047,-0.00168939,-0.00059968,0.00184708,0.00260899,0.0231033,0.00575728,0.0078127,-0.00015901,0.987126,0.0903784,0.0303497,-0.0314181,-0.00294417,-0.0833747,-0.00233361,0.0014298,-0.00985183,-0.00901996,-0.010018,0.0189693,0.00762924,-0.0118457,-0.0445558,0.0400171,0.0121413,0.000679268,-0.000274861,-0.0011291,-0.00120066,0.185827,0.0348807,0.00156677,9.47716e-05,0.00688943,7.32725e-05,0.000360745,-1.13516e-05,-9.44139e-05,0.00037364,-1.16166e-06,0.00269278,0.128919,-0.00107319,0.036095,0.0161525,0.0186868,0.0635258,0.0163552,0.037247,0.0264658,0.0553818,0.0135738,0.0135942,0.0115004,-1.65213e-05,-1.66367e-05,1.91156e-05,-0.000851252,-2.73492e-05,-0.000435443,-4.18134e-05,-0.000464781,-1.49454e-05,-0.000270105,-2.60937e-05,-5.8409e-05,-0.00452877,-0.000549864,-7.75544e-06,-0.000380634,-0.00193314,-0.00243428,-0.00956173,-0.00011845,-0.000102436,-0.0391192,-0.0694939,0.081768
DFH,-1.41436e-05,0.000901452,2.91718e-07,5.36622e-05,0.000384509,0.00226137,0.000382377,-0.00163635,-0.000131741,-0.00141416,6.16182e-05,-0.000443477,1.20632e-05,-0.000122049,-0.000702251,-0.000650336,-0.000104971,-0.0107773,-0.00051008,-0.0141093,0.973556,0.00100654,-0.0178345,-0.00825779,-0.0225716,6.43061e-05,0.000346862,-0.00547918,-0.00839402,-0.0529395,-0.0041486,-0.00406224,-0.0101432,-0.00299431,-0.00150719,0.00946562,0.000896882,0.00125838,-0.000646332,-0.000516351,0.24853,0.00490962,-0.00135869,0.000277618,0.00269649,0.000326543,0.00214901,-1.16738e-05,-5.14274e-05,-0.000328278,-1.79209e-06,0.00163475,0.0946982,-0.000214911,-0.00127888,0.0187434,0.0164047,-0.0182066,0.0257515,0.0706668,0.0197292,0.0759909,0.0141376,0.0184578,0.0135078,8.2427e-06,-2.48365e-06,-2.50713e-06,-5.72496e-05,1.88288e-05,-9.08573e-06,1.9389e-05,0.000427702,-1.18064e-06,-1.47779e-05,-1.99393e-06,-2.18631e-07,-0.000995072,-0.000201415,-2.82744e-06,-0.000572597,0.000100539,-0.00535458,0.000124763,-7.47399e-06,-0.000307785,-0.0223638,0.0251269,0.0926155
DSM,-1.12182e-06,0.000159188,2.97909e-05,9.0969e-05,-1.7792e-05,0.00181578,-0.00932809,-0.00229557,-0.000141139,-0.000338326,-0.00367576,-0.000113711,-6.15054e-07,-0.000162167,-0.00105097,-0.00058914,-0.000425315,-0.00257336,-1.08409e-05,-0.00712618,-0.0367991,0.958884,-0.00254268,-0.00671061,-0.0224916,0.000125481,0.000946063,-0.00325764,-0.0065674,-0.00635765,-0.0126693,-0.0804682,-0.0204413,0.00117897,-0.00916929,0.00190503,-0.0209481,-0.00332956,-0.000774246,-0.000338418,0.168982,0.0154165,-0.00503356,-0.0228447,0.000656559,1.06082e-05,-0.00118144,-1.36058e-05,-2.56906e-05,-0.000366311,-2.38851e-06,0.0441127,0.109969,-0.000279318,-0.00492755,-0.0148768,0.0238563,-0.0234607,0.0555755,0.080837,0.0214554,0.0605102,0.0155325,0.0224551,0.00976304,-0.00083942,-7.40791e-06,-2.98748e-05,7.06956e-06,0.000195389,0.000514923,-0.000326432,-0.0041643,-9.35285e-05,-0.00245963,-1.12485e-06,-0.000233982,-0.0035732,-0.00358359,-7.24049e-05,-0.00323609,0.0002205,-0.00258314,-0.00124091,-0.00262944,-0.000267783,-0.0311451,0.0342006,0.128735
DSP,-1.31996e-05,-0.0153614,7.72725e-06,0.000182583,-0.0160693,-0.0165313,-0.0110071,0.0953112,-6.28175e-05,-0.000701533,0.000184262,-9.54382e-05,-1.76605e-05,0.00112116,0.0145937,0.00146093,0.000544145,-0.0123665,0.000232795,0.0641991,0.461232,0.0501,0.982866,0.00285077,0.0403057,-0.0029882900000000002,0.042231,0.00243768,0.00468243,-0.000668385,-0.0080885,-0.00820353,-0.0146138,-0.0315998,0.000155851,0.0108517,-0.000537122,-0.000361328,-0.000699915,-0.000726032,0.164934,0.0348372,0.00229498,-0.00117749,0.00529837,0.000261676,0.00156655,-8.93862e-06,-8.93854e-05,-0.000286518,-6.10407e-07,0.0023737,0.0582595,-0.000965451,-0.00619568,0.0959567,0.00261203,0.0700286,0.0241878,0.00892316,0.0154924,0.0707974,0.011002,0.00786094,0.00930767,-7.57606e-05,-1.6865e-05,3.73238e-06,-0.00147351,2.21579e-05,-9.44453e-05,-5.34066e-05,-0.00802817,-2.40594e-05,-0.00052998,-4.29228e-05,-0.000217301,-0.00156994,-0.00164482,-1.11277e-05,-0.000631448,-2.31397e-05,-0.00275781,-0.00067217,-0.000155051,-0.00025999,-0.0526586,-0.0897181,0.0564637
DSR,-2.34997e-05,0.00166301,-0.000180068,7.59028e-05,-0.00148376,0.000773255,-0.000556568,-0.00299952,-7.06345e-05,-0.000300718,-0.000211214,-0.000383593,6.71506e-06,-0.000119378,-0.00145115,-0.00105738,-0.000170886,-0.0028445,-0.000118582,-0.0011013,0.0653802,0.00942172,-0.00607407,0.985698,-0.0174,-0.00040171,0.000523045,-0.00335547,-0.00846144,-0.000445514,-0.0370522,-0.00251605,-0.0295002,0.000563273,-0.000499012,0.0207669,-0.00348977,0.0603267,-0.00137241,-0.00154635,0.171571,0.0837007,0.03138,0.0413906,0.0201219,0.0012918,0.00360307,2.09854e-05,-0.000387097,-0.000273531,-1.80505e-06,-0.00176922,0.0463854,-0.000572584,-0.0046919,0.049357,-0.00189234,0.049743,-0.00898414,0.0346562,0.0112502,0.0634737,0.0217973,0.0287337,0.0287856,-0.000242709,-3.90309e-05,2.10745e-06,-4.68331e-05,5.66637e-05,0.000389731,-0.00237723,-0.0373333,-4.86952e-05,-0.000994786,-8.39302e-06,-0.000446267,-0.00130722,-0.0025332,-1.76784e-05,-0.00388847,0.000468913,0.000138835,0.000265598,-6.64916e-05,-1.81419e-05,-0.036415,-0.0730718,0.119553
MSC,1.25206e-06,0.00147588,-1.38123e-05,2.99365e-05,0.000190785,0.00719412,-0.00137894,-0.011642,-4.56595e-05,-0.000355665,-0.000803289,0.000283263,1.87234e-05,-5.26158e-05,-0.000278566,2.30147e-05,-1.52146e-05,-0.00725924,-5.22908e-07,0.00172633,-0.00468011,-0.00802075,0.000854457,-0.000759292,0.919811,0.000136976,-0.0556546,-0.00788537,-0.00624477,-0.0135224,-0.00320935,-0.019383,-0.000601186,-0.020682,-0.00440555,-0.00242689,-0.00460381,-5.80575e-05,-0.000289213,-0.000789955,0.206073,0.0700652,-0.0012901,-0.014802,0.00283092,-2.28128e-05,0.00273404,-1.57577e-05,-0.000171534,-0.000363249,-1.74293e-06,-0.00261974,0.0158948,-0.0010183,0.00126017,0.109647,0.02088,0.087211,-0.0326768,0.0494125,0.00760768,0.0970537,0.0127855,0.0367104,0.017247,-0.00027502,-3.28594e-05,4.56649e-05,-6.17931e-05,-9.34952e-05,-0.00131856,9.90486e-06,0.000125125,-3.37077e-05,-0.000680107,-7.6372e-06,-5.76627e-05,-0.00139265,-0.00098388,-6.27927e-06,3.8729e-05,-0.000331714,-0.000476091,-8.91765e-05,2.24211e-05,1.2137e-05,-0.0469563,-0.110984,0.221245
MSG,2.16357e-06,-5.77041e-05,-8.52834e-06,3.46956e-05,0.00012349,-0.0692053,-0.00086563,-0.00320931,-2.0476e-05,5.29496e-05,0.000796474,0.00116204,7.30517e-05,-1.96758e-05,-0.000105568,-7.63971e-05,1.55085e-06,-0.0267797,-1.56408e-05,-0.000745587,-0.00175645,-0.000438111,4.46957e-05,-0.000326053,-0.0245035,0.948455,-0.00924586,-0.0148665,-0.0121333,0.00609995,-0.000825666,-0.00216834,-0.000269849,-0.00092469,-0.0236615,-0.000352397,0.0023513,0.00081719,-0.000478684,-0.00176471,-0.0254531,0.0301496,0.00348654,-0.00737992,0.00251145,5.26593e-05,0.000852239,-2.47354e-06,-8.11659e-05,-0.00044172,-3.32015e-07,-0.00124047,-0.0183408,0.254927,0.20987,0.149808,0.137567,0.130743,-0.023549,0.0624262,0.00257363,0.108319,0.00413911,0.00352239,0.000330941,1.24683e-05,-1.48712e-05,-4.62888e-06,-1.10686e-05,8.17332e-06,5.64112e-05,6.16389e-06,2.84748e-05,-4.70401e-06,1.34546e-05,-2.79572e-06,1.38699e-06,0.000109138,-0.000144237,3.22828e-07,5.5304e-06,1.97422e-05,-2.80984e-06,7.96258e-06,8.06427e-07,-4.11788e-06,-0.0656232,-0.0314672,0.025498
MSP,3.74608e-06,-0.0130059,-1.2613e-05,0.000239511,-0.00600834,-0.1093,-0.00243997,-0.0141976,-9.58207e-05,-0.000378302,0.000447066,0.00194557,0.000126298,-6.88778e-05,-0.000479088,-7.13969e-05,-3.81913e-05,-0.0464472,-3.91609e-05,-0.00186747,-0.0170409,-0.0113387,-0.0145911,-0.000967848,0.729184,-0.0156763,0.935635,-0.0194902,-0.0222321,-0.0174019,-0.0044085,-0.0251574,-0.00312217,-0.0478576,-0.00684737,-0.00318599,-0.00506394,0.000505811,-0.000263829,-0.00102957,0.180109,0.0625131,-0.00175128,-0.0148158,0.0040579,1.88499e-05,0.00265458,-1.27369e-05,-0.00015751,-0.000591657,-9.31641e-07,-0.00299997,0.0532667,-0.00512236,-0.0145973,0.120401,0.00141965,0.0998261,-0.011971,0.0142773,0.0154713,0.0868666,0.0100937,0.0229655,0.0127181,-0.00020538,-2.99474e-05,3.54563e-05,-3.04633e-05,-5.41935e-05,-0.00114545,2.25454e-05,0.000331393,-2.67344e-05,-0.000492282,-6.1001e-06,-3.68284e-05,-0.000706112,-0.000822559,-3.9731e-06,7.96774e-05,-0.000237787,-0.000206676,-5.87572e-05,3.28568e-05,1.31756e-05,-0.0784,-0.138079,0.154741
ENG,-9.3031e-05,0.00171093,4.40905e-06,-0.000968526,-0.000209148,0.00188866,-0.00128052,-0.00372109,-0.00016577,-7.42575e-05,0.000998671,0.0015242,9.76656e-05,-4.4009e-05,-2.98545e-05,-0.000771834,-3.29089e-05,-0.0361306,-1.79869e-05,-0.000764323,-0.0075442,-0.0022674,-0.00061432,-0.00098196,-0.0242427,-0.00176771,0.000783407,0.970846,-0.00338623,-0.0248009,-0.00121842,0.00017674,-0.00550385,-0.0213196,-0.00597419,0.0281921,-0.00140091,0.000108174,-0.000398992,-0.000907052,-0.0230964,0.013343,0.00132922,0.00556161,0.000860302,8.10562e-06,0.000408292,2.96447e-06,-4.86083e-06,-0.000241832,1.19839e-06,-0.000634481,0.0365628,-0.00311301,0.0275557,0.415458,0.263149,0.211763,0.0427672,0.0439045,0.0243999,0.22722,7.69144e-05,-0.0201578,-0.00387873,9.38953e-06,-6.56884e-06,1.4757e-06,-2.32778e-05,2.78197e-06,-7.63475e-05,5.15211e-06,8.14712e-05,-5.32825e-06,-8.44236e-05,-1.73537e-06,-1.156e-05,2.63345e-05,-0.00031645,-8.67771e-06,2.51692e-05,8.48351e-08,0.000220286,-8.23903e-06,5.82808e-06,2.96577e-07,-0.017149,-0.0746749,-0.0997023
SAR,-5.33029e-05,0.000789269,-3.47109e-06,-0.000483922,-0.000646063,-0.0235966,-0.00151089,-0.00100634,3.9619e-06,-1.3723e-05,0.000583282,0.000509602,5.3903e-05,-0.000104708,-0.000455857,0.000127715,1.72599e-05,-0.0193949,4.53053e-05,-0.00108317,-0.0176845,-0.0121387,-0.000774471,-0.00112556,-0.0351173,-0.00434168,-0.00197214,-0.00618572,0.973316,-0.00941362,-0.00973683,-0.00716852,-0.0109584,-0.00274002,-0.0142392,-0.00652956,-0.00348818,-0.00275141,-0.00117609,-0.000657362,0.720379,-0.00735523,-0.0042429,-0.0256887,0.00705689,8.73353e-05,-0.000346346,-2.54658e-05,-2.79182e-05,-0.00052538,-2.69191e-06,-0.00462752,-0.00893953,-0.00167981,0.0404736,0.0378708,-0.017516,0.059069,0.154816,0.0590069,-0.000306582,0.0859997,0.034533,0.00938627,0.0265916,2.37784e-05,3.01375e-06,-1.27708e-05,-2.19536e-05,1.07358e-05,2.65171e-05,4.78196e-06,-0.000464789,2.38034e-06,-0.000151871,-5.49366e-08,-0.000171288,-0.00138995,-0.000179199,2.65001e-06,-1.98835e-05,-4.72832e-05,0.000504757,-0.000119964,3.59664e-05,-3.89792e-05,-0.0245298,-0.0847288,0.0926783
EPI,-6.33667e-06,-0.000342379,-2.89324e-06,1.06616e-05,-7.97264e-06,-3.90595e-05,0.000126004,-0.00109827,-3.1806e-05,-0.000216902,-4.96371e-05,-6.90191e-05,-2.30562e-07,-2.58735e-05,-0.000100217,-3.54323e-05,-1.61676e-05,5.70323e-05,-1.41762e-05,-0.000313262,0.0120003,-0.00131104,-0.00065892,-0.000995803,-0.00794516,0.000788172,0.000170099,-0.00472907,-0.0011741,0.982155,-0.00224765,-0.000900731,-0.000516434,-0.000529803,0.00578414,-0.00017692,0.00136299,0.000106798,4.64069e-05,0.00029387,0.041485,0.006875,-0.00148923,-0.00531155,0.00176502,4.41766e-05,0.000495894,-6.50506e-06,-2.66078e-05,-0.000153772,-1.58055e-07,-0.000232638,-0.00134272,-0.000962914,-0.0705014,0.121787,0.055383,0.0681314,0.00247817,0.126897,0.0047054,0.127357,8.57813e-06,0.00295075,0.0118613,4.19004e-06,-3.60465e-06,-8.1929e-07,-7.65135e-06,3.07568e-06,1.77067e-06,-1.49232e-06,-0.000568673,-6.29274e-07,5.48245e-06,-7.68907e-07,1.69709e-06,-3.7602e-06,-5.80262e-05,3.01362e-07,-0.0001011,7.88806e-06,-8.50958e-05,8.78608e-07,1.77608e-06,-0.000111147,-0.030501,0.00103948,0.0184199
CEBH,1.30005e-06,0.000396272,-9.7394e-05,-0.000194838,0.000157797,0.00058888,-0.000726722,-0.000262904,7.2808e-06,-0.000104404,-0.000638906,-0.000411689,-2.47163e-06,-0.000249359,-0.00141201,-0.000867621,-0.000114949,-0.00396948,-0.0017898,-0.00819853,-0.017163,-0.0113711,0.000697391,0.000109891,-0.0347599,-0.000102067,0.00167461,-0.00171677,-0.0136182,-0.00215149,0.979872,-0.00269043,0.00840849,-0.0126506,-0.00814859,0.0164594,-0.00586263,0.0184538,-0.00210053,-0.00127927,0.455874,0.0865142,0.00973278,-0.0100444,0.0123247,-5.76579e-05,0.00903809,-2.22859e-05,-0.000273337,-0.000453099,-2.9838e-06,0.0584988,-0.00524552,-0.000180103,-0.00708942,-0.0115033,-0.0244827,0.0530743,0.0801466,0.0400306,-0.00155359,0.0375752,0.0400039,0.0244498,0.0263668,-4.4102e-05,-4.01475e-05,-1.97497e-06,-0.000812141,2.37877e-05,0.000154897,-0.00104033,-0.00950759,-2.53873e-05,-0.000351125,-2.94563e-05,-0.000124255,-0.000357941,-0.00111109,-1.05109e-05,-0.00359477,-0.000197753,-0.00289352,-0.00188353,-0.000628272,-0.00129341,-0.024301,-0.0979721,0.142922
CEBS,1.06891e-06,-0.00114413,-1.12213e-05,-3.36028e-05,7.88871e-05,-0.00555464,-0.00280102,-0.00148458,-3.45195e-05,-0.000128606,-0.000532407,4.42369e-05,1.15573e-05,-0.000104948,-0.000430061,-0.000238201,-0.000158792,-0.0033431,-0.00146858,-0.00614188,-0.0135854,0.11353,-0.000106777,-0.00166615,0.0465867,-0.00119342,-0.00249018,-0.0025475,-0.0134408,-0.00698314,-0.0107852,0.945124,-0.00339556,-0.0088845,0.0206252,-0.003161,0.20929,-0.00190064,-0.0016759,-0.00261128,0.404608,0.0608957,0.00363898,0.00501189,0.0119063,-3.98303e-05,0.00392505,-1.78772e-05,-0.000152156,-0.000286057,-1.57701e-06,0.00851803,0.0249702,-0.000453891,0.00347169,0.00100124,-0.0185582,0.0877623,0.0899581,0.0183906,0.00499429,0.0357561,0.0274365,0.0120349,0.020287,-0.000114717,-2.85066e-05,0.000390427,-9.34412e-05,-0.00210912,-0.00605696,-3.58123e-05,-0.000934124,-2.33422e-05,-0.000358836,-7.75297e-06,-1.73252e-05,-0.000515837,-0.000751745,-8.48477e-06,-0.00045686,-0.00426147,-0.000801027,-0.00162743,-0.000320996,-2.56393e-05,-0.0277401,-0.132444,0.0775328
CEPH,-7.49737e-06,-0.0501973,-0.00123392,-0.00261227,0.000605949,-0.00436161,-0.0186652,-0.00446926,-8.17958e-05,-0.00030809,-0.00217091,-0.000568384,3.73367e-06,-0.000172324,-0.000893053,5.38985e-05,-7.20615e-05,-0.00361924,-0.00022955,0.00571127,0.0709728,0.109641,-0.00134949,0.0228884,-0.0414112,-0.000667594,-0.00272699,0.028235,0.05055,-0.00569153,-0.0479381,-0.0123655,0.977127,-0.0493979,-0.00943016,-0.00384374,-0.00584121,-0.000816959,-0.000956995,-0.000801884,0.152417,0.0466581,0.00188146,0.0474303,0.00483834,-7.56852e-05,0.0463542,-2.32046e-06,-0.00121324,-0.000120394,6.62561e-07,0.0002298,0.0604206,-0.00057166,-0.0110862,0.0192696,0.042899,0.0645758,0.0211664,0.025408,0.0129326,0.0338195,0.0168404,0.017354,0.0350878,-8.67412e-05,-2.17558e-05,1.17867e-06,5.57849e-07,8.53648e-05,0.000384033,-0.000247034,-0.00126721,-1.81684e-05,-0.000283342,-3.96365e-06,-2.35054e-05,-0.002245,-0.000528904,-7.073e-06,-0.00201147,0.000515026,-0.0330685,6.73238e-05,-0.000314922,-2.2955e-05,-0.018169,-0.0639022,0.059741
CEPS,-8.86089e-06,-0.0779988,-2.15606e-05,-0.00552339,-0.0109195,-0.00367084,-0.00462197,-0.00294638,-2.12297e-05,-0.000243707,0.000636884,0.000973743,0.000106571,6.72262e-06,-0.000224925,0.000531566,4.28465e-05,-0.0465046,-0.00037206,0.030172,0.0300135,0.0024527,0.00104437,2.65778e-06,0.260606,-0.00229353,-1.63544e-05,0.0866339,0.00265426,0.00627978,0.02903,0.00667762,0.00732854,0.959351,0.0669831,0.00257214,0.0218123,0.000580953,-0.000643549,-0.00186576,0.1502,0.0362235,-0.000326525,-0.00380477,0.00522294,4.06592e-05,0.00219922,-9.44522e-06,-0.000116085,-0.000409343,-7.07709e-07,0.00240309,0.0164893,-0.00138369,0.053372,0.0719251,0.0156,0.0891416,0.017017,0.0156633,0.0062003,0.0565953,0.0111799,0.010697,0.00942693,-7.70456e-05,-1.7535e-05,-5.01947e-05,-0.000180359,-1.10658e-05,0.0022378,-2.3903e-05,-0.00023824,-1.34622e-05,-0.000217101,-7.94508e-06,-2.05645e-05,-0.0062969,-0.000485657,-3.32644e-06,-0.00013197,0.000189779,-0.000717438,0.000510127,-2.56575e-05,-5.30392e-05,-0.0555044,-0.0961915,0.0753167
DNS,7.79465e-07,-0.000183273,-4.76214e-06,5.71966e-05,1.47371e-05,0.00142019,0.000203059,0.000194595,7.71234e-06,-0.000408456,-0.00275817,-0.00256193,2.61092e-05,-4.24088e-05,-0.000127151,-0.00030184,-0.00131253,-0.00827866,-0.00027755,-0.00383888,-0.0065113,-0.00354376,0.00013052,-0.000472486,-0.0168253,-0.00377158,0.000868351,-0.00417294,-0.00381222,0.0107587,-0.00301711,-0.00461097,-0.000240161,-0.00859878,0.972159,0.0015597,-0.0240564,0.00133828,-0.00254457,-0.00636066,0.0521507,-0.0026322,-0.00237321,-0.00566987,0.00188082,2.25559e-05,0.000853259,-1.04298e-05,-6.57849e-05,0.00068019,-1.56786e-06,0.0143117,-0.00701758,-0.0020093,0.174896,-0.00322628,0.0100222,0.0570533,0.0106538,0.0907661,-0.00150865,0.0748011,0.00978687,0.0253136,0.00747728,1.1035e-05,6.45231e-07,2.90748e-05,-0.000143032,-3.9009e-05,-0.000991755,8.45094e-06,4.53007e-05,1.93119e-06,2.86712e-05,-3.62414e-06,-2.22834e-06,-0.00034004,-5.77011e-05,2.53528e-07,4.41433e-05,-0.00018385,-0.000517872,1.27564e-05,1.31789e-05,2.46795e-05,-0.044228,-0.0410945,0.152954
DNH,4.23478e-06,0.000162003,1.67303e-05,5.50855e-05,0.000120731,0.00229529,-0.000934926,0.000268441,1.95346e-05,9.86294e-06,0.000306123,0.000455994,3.23782e-05,-7.12895e-05,-0.000773553,-0.0243345,-0.000741758,-0.0121725,-0.000368362,0.00300581,-0.0282066,-0.0183074,0.000122534,-0.00512955,-0.00571555,0.00122181,0.00107202,-0.0406254,-0.00363515,0.0026919,-0.0208737,0.00236066,0.00032673,0.000948552,-0.0082455,0.971413,-0.00892205,-0.00669653,-0.000660621,-0.000156193,0.140939,0.00689251,0.00151542,-0.0127977,-0.00176967,-0.000109072,0.0173646,-1.73719e-05,1.96894e-05,8.37871e-05,-7.68018e-07,0.0161059,-0.00583836,0.000257819,-0.00558663,-0.0292029,-0.011413,-0.0317492,0.0133091,0.0939722,-0.00234854,0.066726,0.00997203,0.0180601,0.0474999,-0.000195701,-1.81436e-06,-1.47892e-06,-0.000454192,-3.21522e-06,6.01172e-05,-0.000218509,-0.00109758,-0.000126823,-0.00400653,-1.30293e-05,-0.000504167,-0.00646816,-0.00932379,-0.000309454,-0.00023909,1.35057e-05,-0.000152144,3.06821e-05,2.27997e-05,3.67962e-05,0.0822563,0.0244459,0.101037
DRS,-7.80373e-07,0.000565181,1.45668e-05,3.65345e-05,0.000139981,0.00137215,0.000471282,0.00053525,-8.36605e-05,-0.000136648,1.34246e-05,-4.77965e-05,2.7876e-06,-4.81594e-05,1.80058e-05,1.13052e-05,-7.85249e-05,-0.000870688,0.000147418,-8.49673e-07,-0.00679862,-0.0166104,0.000271658,0.000309768,-0.00444983,0.00110014,0.000688416,-0.000788359,-0.00012371,0.00776822,-0.000146349,-0.115954,0.000616718,-0.00319759,0.0404313,-0.00200505,0.957796,-0.00307419,-0.00192672,-0.00754495,0.0372825,0.014438,0.020638,0.0842437,0.00593819,-0.000419733,-0.00486443,-1.0002e-05,-9.1054e-05,0.000374671,-1.59247e-06,0.0293791,0.0641672,6.57036e-06,0.0211703,0.00740637,0.010137,0.0619273,0.00131222,0.0535808,0.0131466,0.0651993,0.0228478,0.0197642,0.013122,1.36943e-05,-4.20863e-06,-0.000113725,-8.35022e-05,0.000192452,0.000268021,3.89678e-06,-0.000243599,-2.97292e-06,4.94183e-05,-3.67247e-06,2.30333e-05,-0.000132246,0.000290353,9.66522e-07,7.93258e-05,0.000229976,0.000182277,8.7848e-05,4.84629e-05,9.1552e-06,0.163622,-0.0733538,0.0528189
DRH,1.54684e-07,-0.000331405,-0.00312419,1.02906e-05,0.0001353,0.000436637,-4.60623e-05,0.000232163,8.00455e-06,3.89949e-06,-5.38545e-06,-0.00177485,4.30627e-06,-0.000160476,-0.00279863,0.000356864,-9.60318e-05,-0.00110815,-0.000122791,0.000612649,-0.0147793,-0.00668278,0.000455914,-0.0296654,-0.00701024,0.00133813,0.00105654,0.00259411,-0.00473465,0.00370416,-0.0395391,0.0023719,0.000843989,0.000903908,-0.00635965,-0.0153264,-0.00972309,0.975981,-0.000734675,-0.000307994,0.154706,-0.00930681,0.0650739,-0.00480473,-0.0083548,-0.000263265,-0.00420639,-1.98595e-05,-0.00276252,0.000242309,-1.6471e-06,0.00194739,-0.00256786,0.00025848,-0.00284202,-0.0101837,-0.0133958,-0.00545089,0.00731956,0.0817382,-0.000941667,0.0727107,0.0143385,0.0115676,0.0314172,-0.000240782,6.50892e-06,-1.77439e-06,-0.00018145,8.71381e-07,0.000115696,0.000121007,-0.00614401,-0.000149758,-0.00525933,-4.31039e-06,-0.00626615,-0.00580537,-0.0212267,-5.05172e-05,0.000342866,6.24031e-05,0.000335767,9.67842e-05,4.99331e-05,8.58654e-05,0.14399,-0.00740385,0.0714797
ARF,-7.42891e-08,-3.36386e-05,-2.19499e-05,1.09669e-05,6.79558e-05,0.000340312,8.36694e-05,0.000468087,-6.98008e-05,-0.000113866,-0.000713134,3.13023e-05,2.50777e-06,-8.89578e-05,-0.000242184,-2.48441e-05,-0.00012912,-0.000795528,-7.33564e-05,-0.000720069,-0.00560668,-0.00518934,0.000108605,-0.000797958,-0.0311178,-0.00033766,0.00214509,-0.001901,-0.00571786,0.00436942,-0.00573766,-0.000144901,-0.000282993,0.000838994,0.0225474,-0.00677258,-0.013033,-0.00438605,0.994584,-0.00408432,0.198753,0.328339,0.0188142,0.0282693,-0.00190578,-0.000562043,-0.00563039,-2.20838e-05,-0.00046829,5.3582e-05,-2.44777e-06,0.0165326,0.0502141,-0.000463906,0.0415262,0.0213839,-0.00368733,0.0951163,0.0306343,0.000454091,0.0108864,0.0265616,0.0355257,0.0260841,0.0265795,-6.21151e-07,-0.000149507,-2.74462e-06,-0.00034479,1.37416e-06,-3.09308e-06,-7.39501e-06,0.00018238,-6.53862e-05,-0.000227978,-3.74744e-05,1.43915e-05,-0.000155951,-0.000673946,-1.94018e-06,2.98574e-05,-6.07005e-06,7.40159e-05,-1.4692e-05,1.70571e-05,1.37945e-05,0.109904,-0.121693,0.0679123
PWL,5.7196e-07,2.02229e-05,-2.76069e-05,2.20623e-05,0.000109098,0.0044214,0.00043984,0.000129625,-7.13192e-05,-0.000155614,-0.00175426,-0.00175371,-2.029e-05,-9.24811e-05,-0.000465296,-0.000417312,-0.000321059,-0.0278274,-0.000236086,-0.000634174,-0.00534963,-0.00432041,9.70604e-05,-0.00107949,-0.0169125,-0.00215226,0.00164803,-0.00690528,-0.00290953,0.0101843,-0.00366121,-0.0044978,-0.000280358,-0.000847079,0.0486889,-0.00492474,0.0278767,-0.00308567,-0.00406547,0.994561,0.0441772,0.249557,0.0691716,0.130408,0.0505237,-0.000508225,-0.0051746,-2.31084e-05,-0.000581984,-0.000190307,-3.19425e-06,0.0048633,0.0483102,-0.00132441,0.135735,0.0303748,0.00993103,0.0716906,0.00828421,0.0177587,0.0108933,0.0401907,0.0422629,0.0340953,0.028188,3.67381e-06,-0.000114296,-3.16293e-06,-0.000123471,7.66021e-06,-5.4364e-05,-1.97886e-05,-0.000291937,-5.04587e-05,-0.00015064,-2.4658e-05,1.50423e-05,-0.00265974,-0.000527229,-1.22273e-06,1.41259e-05,7.25602e-06,2.75378e-05,6.30934e-06,1.46367e-05,2.11352e-05,0.0384042,-0.0581817,0.0324162
SUP,1.60917e-06,7.81939e-06,-1.99141e-05,1.48623e-05,8.72051e-06,0.000386646,0.000180896,0.00058847,1.11958e-05,-1.87524e-05,8.84576e-05,3.10842e-05,-1.47774e-06,-0.000109308,-0.000332347,0.000190267,2.84755e-05,0.0010256,6.11551e-05,-0.000798785,-0.0178732,-0.0119858,0.000419929,-0.000713095,-0.0305742,0.000138518,0.00153882,0.00147925,-0.0252855,-0.0115411,-0.0113681,-0.00770252,-3.27476e-05,0.000842467,-0.00994788,-0.00687047,-0.0051191,-0.00299846,-0.00132871,-0.000152358,0.869135,-0.0127814,-0.0050862,-0.0308994,0.00739976,7.6662e-05,-0.000146179,-3.18049e-05,-4.09481e-05,-0.000466688,-3.94461e-06,-0.00483005,-0.00309498,-0.000175486,-0.00543584,-0.0170252,-0.0204705,0.00454583,0.163604,0.108061,-0.00133042,0.0921711,0.0407246,0.023208,0.0350275,2.22722e-05,5.91976e-06,-1.45034e-05,-2.95084e-05,8.68647e-06,1.57736e-05,1.89601e-05,0.000209949,5.2576e-06,9.4401e-05,1.50809e-07,3.68402e-05,0.000232803,-0.000117107,3.28331e-06,9.12531e-05,-6.85218e-05,0.000185401,-0.000149507,3.99292e-05,2.88164e-05,-0.00512284,-0.0334455,0.160977
MbO,-8.16035e-07,0.000111583,-5.72605e-05,5.09025e-06,7.87085e-05,-2.26281e-05,-1.08318e-05,0.000677789,6.82089e-06,4.52943e-05,-0.000147754,9.22408e-05,3.09549e-06,-8.78405e-05,-0.000527992,-0.000392471,-0.000303408,-0.000660644,-0.000281681,-0.000620668,-0.00063884,-0.00200622,-0.000127241,-0.00210529,-0.0322651,3.1202e-05,0.00254067,0.000310195,0.00173836,0.00367397,-0.00720234,0.00109215,-0.00103563,0.00134607,0.00202354,-0.0100918,-0.0246334,-0.0070794,-0.0121581,-0.00931645,-0.0271828,0.918265,0.0326791,0.0789392,-0.000634621,-0.00131705,-0.0115157,-4.13102e-05,-0.00131137,-0.000116281,-4.90528e-06,-0.0214385,-0.00297687,-0.000274872,-0.00609109,-0.00233195,-0.011449,0.0530544,-0.110203,0.011822,-0.000705782,0.00510138,0.0499256,0.0836987,0.0550484,-2.92333e-05,-0.000420617,-2.01375e-06,-0.000411279,2.23305e-06,0.000109158,-3.68115e-05,0.000206984,-0.000184017,-0.000739215,-8.9534e-05,-7.18393e-06,-0.000852048,-0.00212204,-8.59553e-06,-2.15853e-05,2.40083e-05,-4.09906e-05,2.39116e-05,4.77327e-06,1.01045e-05,0.124678,-0.0919482,0.190387
MbFF,2.70891e-07,-4.45167e-05,-0.000370958,-9.6307e-07,-2.59736e-05,-3.06564e-05,-0.00104437,-0.00118577,9.61643e-06,-1.05524e-07,2.04016e-05,1.29157e-05,-4.55545e-07,4.99133e-05,-0.00151855,-0.000331554,-0.000909689,0.000249436,0.0001107,0.000248126,-0.000858234,9.34891e-05,0.000109763,-0.00139248,0.000977381,-0.00110521,-0.000231861,-1.53076e-05,0.000966718,-0.0036865,-0.000777624,0.000777353,0.000297148,-0.000117169,-0.0043127,0.00127835,-0.00303413,-0.00985235,0.0010231,-0.0037802,-0.036506,-0.0882011,0.983999,-0.0565257,-0.0300472,-0.000239498,-0.00691418,-1.88707e-05,-0.00161094,-0.0012748,-7.82753e-06,-0.00400374,-0.00254296,-0.000427919,-0.00358897,-0.016569,-0.00253397,-0.0894404,-0.0448776,0.15039,-0.00116314,0.121602,0.0840685,0.00300299,-0.00855083,1.99563e-06,3.98093e-05,1.42087e-06,4.49387e-05,-9.5828e-07,-1.82991e-05,-1.35102e-05,0.000109379,-7.98686e-06,5.19099e-05,8.79496e-06,7.65613e-05,2.22073e-05,0.000298236,5.59951e-07,-8.73955e-06,-3.431e-06,-3.61274e-05,-2.80263e-06,-2.02117e-06,7.98758e-06,-0.0630064,0.109921,0.0583012
MbDF,3.03845e-07,1.38346e-05,0.000116974,-7.95997e-07,-3.95846e-05,-0.000216435,-3.40649e-05,-0.000137071,4.00051e-06,1.78881e-06,1.78576e-05,-1.06315e-05,-5.48023e-07,6.6192e-05,-0.000148963,-0.00146884,-0.000259163,0.000175578,-0.000618494,0.000203604,-0.00291668,0.000440553,3.86901e-05,-0.000800914,-0.0024589,-0.000338471,-9.0157e-05,-0.000235417,0.00135655,-0.00458122,0.000909122,0.000981169,-0.000752787,-4.88157e-05,-0.00641209,0.00102068,-0.00400834,0.00146817,0.00147314,-0.000737421,-0.0578346,-0.0802619,-0.0156816,0.893967,-0.0551958,-0.00237489,-0.00563644,-8.01265e-05,-0.00111418,-0.0015181,-9.18457e-06,-0.00618432,-0.00186267,-0.000279906,-0.00575492,0.00124519,-0.0082293,0.0468744,-0.0426629,-0.00542913,-0.000336434,-0.00607695,0.111575,0.150878,0.101189,5.64318e-06,3.60258e-05,1.6776e-06,2.81251e-05,-2.93853e-07,-1.31459e-05,-1.49279e-05,-8.8231e-05,1.74687e-05,7.77665e-05,7.67473e-06,-8.28279e-07,7.90419e-05,0.000144246,1.14569e-06,-2.55614e-05,-3.24657e-06,-1.92058e-05,-2.3589e-05,-3.64039e-06,-8.33764e-07,-0.063115,-0.0776915,0.129936
MbC,-6.55508e-07,8.62914e-05,-8.38468e-06,-1.43755e-06,2.7319e-05,-3.94137e-05,2.46358e-05,-1.07661e-05,4.11584e-06,2.85611e-05,6.97408e-05,4.46053e-05,-1.08873e-06,-0.000809024,-0.00201531,-0.00251279,-0.00133742,0.00050465,-0.00154436,0.000816516,0.00126373,0.00241143,9.13595e-05,-0.00190893,0.00787594,0.000563139,-0.000209201,0.000937987,0.00434576,0.00115061,-0.00109978,0.00280627,-0.000276075,-3.24858e-05,-0.00557937,-0.00231048,-0.0190375,-0.000455097,0.00138877,-0.00640025,-0.129914,-0.101709,0.0366786,0.247714,0.974419,0.00255397,-0.00871008,2.88953e-06,0.000147387,0.00328239,-3.3541e-06,0.0132661,-0.00126793,-0.000237606,-0.00558067,0.00444525,-0.0070893,0.0567775,-0.111927,0.0124998,-8.31416e-05,0.00554359,0.0303687,0.069678,0.0273984,4.366e-06,4.75365e-05,3.73809e-06,5.96639e-05,-3.99095e-06,1.90972e-05,7.81711e-06,0.000150126,2.13112e-05,0.000153364,1.02542e-05,3.964e-05,0.000248925,0.00048987,2.37113e-06,3.69476e-05,8.94747e-06,7.83205e-05,2.16298e-05,-1.66758e-06,1.5287e-05,0.0412915,-0.0962122,0.225185
MbPAR,-1.51823e-07,2.27976e-05,-1.37932e-05,-8.46267e-07,2.65541e-05,-0.00025639,3.05822e-05,0.000160457,4.16861e-06,2.99125e-05,1.66212e-05,3.4206e-05,-6.41888e-08,7.89665e-05,-0.00243092,-0.000172052,-0.000556649,8.95324e-05,-4.16651e-05,0.000290716,-0.00965466,0.000349969,0.000278282,-0.00339879,-0.00163979,0.000310756,0.00027263,0.000635129,0.000629118,0.000570562,0.000385446,0.0013772,8.47246e-05,0.000240863,-0.000793758,-0.00142154,-0.00475143,-0.00122004,-0.000682234,-0.000297549,-0.00681479,0.04505,0.00805193,0.25959,-0.101573,0.998819,-0.00553083,0.000594918,2.48959e-05,0.00322108,6.19011e-05,0.000215049,-0.00142002,-0.000190499,-0.00333102,0.000508932,-0.00475833,0.0296188,-0.0537523,0.0213553,-0.000267266,0.013201,0.0395602,0.0677598,0.0384299,1.58377e-06,-2.0057e-05,2.85045e-07,-1.97799e-05,-2.80618e-06,1.60932e-05,1.74914e-06,0.00016357,-7.62086e-06,1.80086e-05,-4.42133e-06,3.69565e-05,6.61286e-05,3.01889e-05,2.65584e-07,3.12962e-05,-4.71986e-06,8.4386e-05,-7.35243e-06,1.26492e-06,1.79736e-05,0.0387498,-0.0540005,0.158409
MbSCA,-1.28937e-06,0.00142429,-5.67471e-06,6.66679e-05,8.37974e-05,0.000146327,0.000733773,0.000873237,3.98431e-06,8.43221e-05,0.000132658,7.26804e-05,-3.56146e-06,4.64766e-06,-0.00203111,0.00119572,-0.000619433,0.00163124,-0.00436326,0.000494717,-0.0115093,3.39355e-05,0.000386703,-0.00304286,-0.0187652,0.001587,0.0021226,0.00386578,0.00104987,0.00874848,-0.0157383,-0.00542326,-0.0248886,0.00272606,0.00154425,-0.0580963,-0.0171503,-0.00433243,-0.00135516,-0.00124564,-0.0319527,0.0501935,0.0696537,0.209052,0.00391557,-0.000408975,0.990025,0.000392313,0.000177132,0.00284621,3.95465e-05,-0.00178842,-0.00154011,0.000175032,-0.00310914,0.00213912,-0.0102624,0.0556136,-0.0688766,0.00584268,-0.000239345,0.00448439,0.0371738,0.0584328,0.0283866,1.84784e-05,-2.01756e-05,-4.3551e-06,3.02191e-05,1.43533e-05,0.0001484,1.34843e-05,0.000378805,-3.39307e-06,0.000282109,-3.65644e-06,8.53357e-05,0.000630232,0.000856883,1.79372e-05,0.00013344,4.48728e-05,0.00109494,5.96481e-05,1.65629e-05,3.78311e-05,0.190788,-0.0908795,0.156675
MbH,-3.34275e-07,-0.000100852,0.000991651,-1.2571e-05,-3.41468e-05,-0.00032605,-0.000126798,-0.000420766,-5.22394e-06,-6.32311e-06,-6.33781e-05,-5.09806e-05,2.27745e-07,5.29474e-05,0.000554232,0.000685732,0.000241748,-0.000393959,0.0006191,0.000111008,0.0101322,0.00584677,-0.000241997,-0.00286729,0.0124886,-0.000278433,-0.000890588,-0.000798033,0.0115684,-0.0119702,0.00820861,0.00264599,0.00149418,-0.000620248,0.00573718,0.000387433,0.0125574,0.000612737,0.00174541,0.00196367,-0.406541,-0.0567241,-0.0277975,-0.38353,-0.00374825,-0.0230613,-0.0724719,0.99922,-0.010585,-0.00355525,-2.87752e-05,-0.0233153,0.00185806,-5.50582e-05,-0.00732572,0.0116297,-0.0202359,0.143713,0.243308,-0.115999,0.000785559,-0.0824869,0.333153,0.106784,1.44115,-5.46224e-06,2.51907e-05,6.29068e-06,4.24323e-05,-2.52929e-06,-3.32492e-05,1.09755e-05,1.92333e-05,1.17144e-05,2.13965e-05,6.11177e-06,-1.09294e-05,-6.69417e-05,0.000192864,4.09398e-07,-2.98352e-05,2.83574e-05,-0.00016063,6.97063e-05,-2.06599e-05,-1.76819e-05,-0.0495859,-0.207389,0.0525124
MbGRA,8.29266e-08,0.000219116,-0.088672,1.00859e-05,-2.37186e-05,-0.000138555,6.32442e-06,-3.78574e-05,4.52755e-06,5.37114e-06,-1.12317e-05,4.37688e-05,2.58008e-07,2.30775e-05,-5.52518e-05,-0.000311826,-8.88851e-05,-5.84339e-05,-9.39729e-05,-0.000134359,-0.000512599,-0.000546063,-3.01985e-05,1.12142e-05,-0.00682823,-0.000360836,0.000323033,-0.000342744,0.00135432,-0.00339338,0.000664361,0.000212806,-0.00446386,0.000329898,-0.00159276,3.44474e-05,-0.000972876,-0.0236382,-0.000897534,-0.00111023,-0.0565643,0.0912772,0.0345457,0.154505,-0.027502,-0.00139037,-0.00609932,0.000350131,0.922338,0.00153107,3.55354e-05,-0.00341454,-0.00175274,-0.000367937,-0.00464844,0.00053545,-0.0098868,0.0528048,-0.0874718,0.00624418,-0.000344202,0.00259201,0.0755706,0.104482,0.0726219,5.03787e-06,-4.24665e-05,4.1204e-07,-3.7812e-05,8.06981e-07,9.35421e-07,-9.00453e-06,0.000146045,-1.50151e-05,5.32174e-05,-8.76208e-06,0.000147482,4.09842e-05,0.000256816,4.26325e-07,-9.66414e-06,1.50197e-06,0.000106402,1.03211e-06,-3.48273e-07,-9.95546e-07,-0.0352187,-0.0893738,0.173273
MbSF,2.79195e-07,7.3511e-05,6.48406e-05,-1.11382e-06,-3.83453e-06,0.00158017,0.000135393,7.49491e-05,7.39579e-06,1.54844e-06,0.000326062,0.000498115,3.18634e-05,4.55411e-05,9.50272e-05,8.0061e-05,7.77815e-05,-0.0117712,8.83527e-05,-0.000470939,0.000292376,0.000531198,-2.91399e-05,1.73186e-05,-0.00134213,-7.32696e-05,0.00014664,-0.000822653,0.00182743,-0.00297389,0.000919344,-0.000514043,0.000137453,-0.000145057,-0.0136684,0.00152834,0.00594232,0.00130346,0.000364525,0.000402458,-0.0694487,0.0110961,-0.0148291,-0.0652125,-0.0260953,-0.00129952,-0.00263997,-3.49357e-05,-0.000671545,0.99778,-1.43695e-05,-0.0119188,-0.00164975,2.8414e-05,-0.00747658,-0.0149684,-0.00965142,-0.0737232,-0.0237836,0.11825,-0.000939399,0.102008,0.183406,-0.00738636,-0.0091905,1.9476e-06,-5.94157e-06,1.27583e-07,-2.92652e-06,2.63405e-06,7.85544e-07,1.28861e-06,-4.57925e-05,-1.48998e-06,-1.14157e-05,-9.55678e-07,-9.77368e-06,-1.87931e-05,-0.000111127,-3.63828e-07,-8.85475e-06,9.2333e-06,-3.75415e-05,1.26556e-05,-2.84735e-06,-4.85406e-06,-0.0609895,0.0889797,-0.0105599
MbPF,-4.09595e-06,4.70213e-05,0.00188592,-4.01582e-05,0.000158934,-7.15784e-05,0.000206904,0.00135664,6.34824e-05,0.000139595,-3.12686e-06,-8.76292e-06,-2.60107e-06,0.000253725,0.00130829,0.00157976,0.000649499,0.00049123,0.00118994,0.00113251,0.0140697,0.0155644,-2.08711e-05,0.00318486,0.0360118,0.00268048,-0.000432047,0.00860618,0.0302649,-0.0214981,0.022882,0.0123671,0.00492187,-0.000222433,0.0197821,0.0111678,0.0270058,0.00532618,0.00558401,0.00616383,-0.80218,-0.139073,-0.19946,-0.827198,0.0475438,-0.040055,-0.123843,-0.000551188,-0.0179645,-0.0261746,0.9997780000000001,-0.135678,-0.0107878,-0.00363102,-0.0578648,-0.0888441,0.504932,-2.3809,-1.03747,1.74373,-0.00442004,0.985294,2.45322,0.280437,-0.0373705,-1.87519e-05,6.86338e-05,1.15671e-05,0.000112001,-2.24794e-05,7.7039e-05,-2.86156e-06,-0.000139238,3.10155e-05,0.000128319,1.46898e-05,-4.369e-05,0.000220174,0.000978513,-3.07672e-06,-6.92745e-05,5.62934e-05,-8.13922e-05,0.000180756,-4.86361e-05,-4.04584e-05,-0.0116427,3.32966,1.44845
BO,-5.49432e-07,-2.69434e-05,2.78596e-05,-5.68298e-06,-7.26741e-06,-0.000389875,0.000449489,0.000133886,1.30305e-05,6.13662e-05,0.000275585,0.000117603,-1.30149e-06,-0.00116689,-0.000434966,0.000574895,0.000111382,0.000770449,0.000130318,0.00089176,0.00244338,-0.0418842,9.47869e-05,0.00030014,0.00269396,0.000200123,1.5778e-06,0.00132399,0.00664713,-0.000336541,-0.0328308,0.00992058,0.000708596,0.000922295,-0.0342578,-0.0153207,-0.0307232,-0.00215838,-0.00472912,-0.00143726,-0.209556,0.0736261,-0.0115351,-0.0678744,-0.0181829,-0.000259852,-0.00142132,-4.36231e-05,-0.000248252,-0.00184628,-1.44771e-05,0.976789,-0.0081828,-0.000269501,-0.0137171,0.00331138,0.00300469,0.00204362,0.222693,0.0201995,-0.00148845,0.00246074,0.177755,0.0278249,-0.00518771,3.95181e-05,-3.36709e-05,6.78106e-06,1.9322e-05,-1.70493e-05,1.01446e-05,5.24133e-05,0.000578822,-7.43923e-06,0.000140968,-5.73121e-06,3.74521e-05,0.000237818,0.000275816,7.5762e-06,0.000278745,1.08064e-05,0.000251807,0.000158304,0.000138661,6.05533e-05,0.00323704,-0.0174889,0.193922
EUP,1.71656e-06,6.48666e-06,9.64513e-07,1.84688e-05,-1.86974e-05,0.000686935,-0.00137245,0.000164583,-0.00111749,-0.00221634,-0.000277883,0.000150646,-1.41991e-06,3.30623e-06,6.13715e-05,-5.01689e-05,-7.90158e-06,-0.00318813,1.29837e-05,-0.00338049,-0.0344792,-0.0251397,0.000851096,-0.000899999,-0.0195017,0.000133447,-0.000903766,-0.0189033,0.00122256,-0.00967819,0.000785784,0.00448251,-0.000392142,0.0013306,-0.00143506,-0.00115569,-0.0155836,0.000186115,-0.00191866,-0.00183431,-0.0433514,-0.00183643,-0.000519841,0.000775134,-0.000316868,2.18739e-06,1.93118e-05,3.1828e-06,1.01393e-05,-2.77683e-05,1.02212e-06,-0.00181225,0.874053,-0.000374895,-0.00536493,-0.0209817,0.174915,0.14138,0.00499563,0.0941175,0.1743,0.142003,-0.00309043,-0.010885,-0.00431733,2.93635e-05,6.10996e-07,2.35869e-05,-9.39265e-05,5.48478e-06,-0.00097054,1.37295e-05,0.000152063,3.47177e-06,8.31375e-05,-2.36897e-06,7.22384e-06,0.000275511,0.000114873,2.49241e-06,0.000118669,1.10603e-05,0.000307499,6.7371e-05,6.9469e-05,2.34968e-05,-0.00772708,-0.0765473,-0.0410804
ZG,-1.14884e-07,-5.54838e-05,2.37514e-06,1.55838e-07,-2.2992e-05,0.0100047,-3.89739e-05,-0.00121739,-9.43617e-06,2.45921e-05,-8.22587e-05,-0.000136201,-8.90603e-06,-8.22527e-06,1.34373e-05,3.44236e-05,7.97429e-06,0.00332455,8.93321e-06,0.000111056,4.90828e-05,0.000425008,6.95204e-05,3.47827e-05,3.92543e-05,-0.135301,0.00153151,-0.0019672,0.00142976,-0.00200132,0.000181076,0.000471035,3.38309e-05,0.000260714,0.00114672,-0.000305877,-0.00043742,-0.000185914,8.83217e-05,0.000231578,-0.000270907,-0.00702023,-0.00162113,-0.00351352,-0.000755919,-7.19182e-06,-0.000147428,-1.13843e-06,6.99124e-06,4.7552e-06,-2.08862e-07,0.000573465,-0.00832927,0.962598,-0.0147274,0.0521666,0.142084,0.0787662,-0.0283752,0.101519,0.000681321,0.0904306,-0.000828868,0.00861894,0.0014284,-7.15503e-07,3.41742e-06,-7.13737e-06,4.04459e-06,-5.16661e-06,-7.54995e-06,-1.18511e-08,1.00007e-05,1.35445e-06,5.29631e-06,6.94941e-07,1.0079e-06,3.94643e-06,4.10186e-05,1.02974e-07,-4.90939e-07,-4.36528e-06,-1.88011e-05,-3.88444e-08,-1.08588e-06,4.27876e-07,0.0102212,-0.0183783,0.0559428
ZL,1.39249e-06,-0.00191064,3.54561e-06,4.07819e-05,8.3608e-05,0.00234702,0.000187276,-8.12682e-05,-3.37727e-06,5.60043e-05,0.000578956,0.000691511,2.40296e-05,-8.10396e-08,-0.000159753,5.12313e-05,0.000146153,-0.00847354,3.60316e-05,-0.00105105,0.00166301,0.00100184,-2.97064e-05,4.70438e-05,-0.00801281,-0.0180967,0.000708847,-0.0162837,-0.0102035,0.0803844,0.000417938,0.00158955,-5.13348e-05,-0.00260924,-0.105363,-0.000985919,-0.00268515,-7.739e-05,-0.00156016,-0.00553198,-0.0235719,-0.00635051,-0.00310814,-0.0110098,-0.000542176,2.49239e-05,1.50244e-05,-3.92756e-06,1.06552e-05,-0.000389666,-1.93382e-06,-0.00257787,-0.00797722,-0.00900479,0.961722,0.0343811,0.112908,0.189513,-0.0362757,0.106474,-9.15194e-06,0.0833752,0.019135,0.00708505,0.000405087,3.77808e-06,3.06559e-06,-2.67024e-06,2.28227e-05,3.6759e-06,0.000121629,1.12108e-06,-2.77338e-05,1.71976e-06,2.73901e-05,1.15389e-06,6.89802e-06,0.000171175,6.06732e-05,4.1721e-07,-9.8322e-06,2.51542e-05,6.5917e-05,1.36338e-05,-2.96817e-06,-1.27568e-05,0.00451064,0.0360986,0.0405607
ZM,2.62699e-06,-0.000258328,8.39612e-07,3.37291e-05,9.27784e-06,0.000288134,0.00093771,-0.0070501,-0.000155711,0.000163275,2.30563e-05,-3.2427e-05,-1.11982e-06,-7.39078e-05,3.56427e-05,2.34264e-06,-5.88475e-06,0.000757383,-8.25992e-06,-3.43106e-05,-0.00179765,0.00251528,0.000350491,-0.000352221,-0.0248516,-0.00230145,0.000965648,-0.0339936,-0.00230314,-0.0483229,0.000472406,0.000511039,0.000174471,0.00138761,0.00137644,-0.000843187,-0.000414831,-3.89356e-05,-0.000184006,-0.000218181,-0.0286641,-0.000338567,-9.91163e-05,0.00733315,-0.00016714,-7.36894e-06,-0.000155402,4.2401e-06,1.7326e-05,-2.21597e-05,1.32286e-06,-0.000201238,-0.0555194,-0.00460949,-0.0140359,0.884171,0.022352,0.118758,0.0372725,-0.0296809,0.0242931,0.456746,-0.00152742,-0.0193666,-0.00550862,5.36667e-06,4.50407e-08,-2.21206e-06,-3.98914e-06,2.11538e-06,9.64486e-05,9.3755e-07,7.32269e-05,4.43235e-07,1.1399e-05,-6.72058e-08,1.48886e-06,3.5042e-05,1.6435e-05,2.67625e-07,-1.24534e-06,9.75026e-06,5.40589e-06,2.37397e-06,-7.1805e-06,4.40373e-06,0.00407862,-0.0838704,-0.0913014
ZS,1.11428e-07,3.03106e-06,5.58083e-07,4.00898e-06,7.18879e-06,0.000264223,1.134e-05,0.000411753,-2.35969e-06,6.15227e-05,5.28677e-05,7.01024e-05,5.03524e-06,-1.63903e-05,1.602e-05,3.81107e-06,-3.23729e-06,-0.00178794,-7.5724e-06,0.000183864,0.00119778,0.000838991,-3.35026e-05,9.07915e-05,0.00189953,0.000214613,4.45302e-05,-0.00386006,0.000537186,-0.00974238,0.000244105,4.88282e-05,-7.32839e-05,5.33093e-05,0.0012693,-0.000386425,0.000119385,2.16351e-05,9.02515e-05,8.45346e-05,-0.0116252,0.00307551,-0.000534175,0.00560604,0.00040885,-7.18802e-07,2.04757e-05,1.98643e-06,1.17621e-05,-7.56545e-05,-1.15858e-07,-0.000307341,-0.0232673,-0.00200924,-0.0142963,-0.0506035,0.847034,0.331414,0.0299814,0.278304,-0.00513235,0.0354287,-0.000612303,-0.00668108,-0.00154645,-1.03601e-06,-1.37259e-06,-2.96788e-07,2.40128e-06,-5.39593e-07,2.45358e-05,-6.79912e-07,-2.38601e-06,-6.42456e-07,-1.96656e-06,-1.98152e-07,-4.32314e-07,-4.71423e-06,5.66175e-07,1.52445e-08,-3.31349e-06,1.48599e-07,-7.99825e-06,-2.5594e-07,-2.39404e-06,-4.22774e-07,0.000356533,0.0932586,-0.064041
PB,-2.22265e-07,3.08529e-05,2.35794e-06,-2.66514e-06,1.48037e-05,-3.11694e-05,9.65791e-06,0.000119141,7.2609e-06,-5.26999e-06,-7.03091e-06,-1.03745e-05,-1.53093e-06,9.27395e-06,2.6938e-05,3.06108e-05,6.37813e-06,0.000543869,-1.23837e-06,7.9415e-05,-0.000550642,-0.000319835,4.74761e-05,8.78833e-05,0.00299114,0.000205417,-6.24036e-05,0.00216701,0.000905952,-0.00154345,0.000543076,0.000630791,9.81346e-05,1.19088e-06,0.000320797,-0.000329906,0.000344795,-4.45028e-06,9.67244e-05,1.07208e-05,-0.0117226,0.00325759,-0.00284607,0.00249398,0.000813767,4.42952e-06,0.000137732,-7.77955e-07,1.7249e-05,-0.000202421,-2.75016e-06,-0.000125775,0.00548409,0.000486608,-0.000826863,-0.00771089,-0.161695,0.59567,0.00420366,0.112125,0.000530332,0.0929996,-0.000578794,0.0177345,0.00394046,-4.30219e-07,-1.04961e-06,3.79973e-07,-8.45617e-08,-1.5887e-06,-1.26842e-07,-5.29381e-07,1.44146e-05,-3.72433e-07,9.61709e-06,-3.09539e-07,6.64057e-07,2.94914e-05,5.27037e-05,8.19317e-08,3.92986e-06,1.78032e-07,1.9628e-05,5.86924e-06,1.15805e-06,4.50401e-08,0.00068304,0.430823,-0.00932244
BB,-7.74259e-07,1.03394e-05,9.68354e-06,-5.81377e-06,1.2588e-05,-0.000135488,3.93144e-05,8.87595e-05,8.73069e-06,2.60794e-05,2.82727e-05,1.40646e-05,-4.10266e-07,-5.15596e-05,5.98186e-05,0.000134497,4.67821e-05,8.11441e-05,5.06465e-05,0.000132977,0.00293311,0.001044,-4.53569e-05,0.000222011,-0.00205121,0.000233195,0.000330479,0.000879421,0.0060041,-0.00252892,0.00301209,0.00260142,0.000136104,0.000192314,-0.00397156,0.000182858,0.00218401,0.000337296,0.000739123,0.000769468,-0.182525,-0.0178741,-0.00400045,-0.0443934,-0.00473517,-1.86638e-05,-6.70466e-05,-2.9213e-05,-4.4829e-05,-8.17708e-06,-1.913e-06,-0.00976365,-0.00161021,-0.000874149,-0.00558932,0.00239525,0.00322646,0.0274491,0.689277,0.0919512,-0.000196116,0.0499799,-0.0157218,0.0803904,0.00745634,6.12363e-07,8.68934e-06,2.30838e-06,1.95146e-05,-2.71333e-06,2.43525e-05,-1.48328e-06,-1.32448e-05,3.76172e-06,2.50277e-05,2.04871e-06,-1.66145e-06,3.70703e-05,0.000165714,1.31204e-07,-8.37281e-06,1.60945e-05,3.46297e-06,3.86763e-05,-3.96232e-06,-5.17425e-06,0.00504535,-0.0708741,0.496068
PS,-1.02043e-07,-2.40808e-06,-1.63027e-07,-8.72807e-07,-1.20171e-05,-9.37285e-05,-2.39013e-05,-0.000149963,2.88458e-06,-5.70775e-06,-1.71836e-05,-1.79674e-05,-7.36048e-07,5.44613e-06,2.69464e-06,-3.18902e-05,-5.96162e-06,0.000252746,-7.51895e-06,-2.7107e-05,0.000769181,0.0004517,-3.61765e-05,-2.44771e-05,0.000487164,-2.76938e-05,-0.000125228,0.000445254,0.000190116,-0.00196035,4.89338e-05,-0.000161771,-3.40377e-05,-7.79548e-05,-0.000613143,0.00020756,-0.00058013,-2.02792e-05,-6.7831e-05,-6.61348e-05,-0.0179965,0.00140304,0.000280323,0.0046708,-0.000204801,-4.09457e-06,-4.61279e-05,3.21028e-06,3.056e-06,-1.94323e-05,1.9441e-06,-0.000279328,0.000483984,0.000264857,0.000633932,0.0084871,-0.164433,0.0874229,0.0272759,0.845373,0.000114736,-0.0746811,-0.000709787,-0.0208256,-0.00509122,-9.03231e-07,-9.36759e-07,3.8562e-07,-8.99767e-07,6.4478e-07,-6.09742e-06,-5.11889e-07,-1.33067e-05,-4.64843e-07,-1.11564e-05,-1.20814e-07,-1.10054e-06,-2.96574e-05,-3.50577e-05,-1.15097e-07,-4.94127e-06,1.67874e-06,-1.92347e-05,4.4299e-07,-1.65883e-06,-4.40757e-07,-0.000502507,-0.213145,-0.0665681
DF,-1.93789e-06,8.73559e-05,-9.14847e-07,-2.29382e-05,7.15843e-06,-0.000517725,0.000470308,0.00237614,0.000708984,0.00123568,0.000151588,-8.03532e-05,9.70101e-07,2.50521e-05,-4.9445e-05,2.78519e-05,6.75262e-06,0.00168836,-4.37452e-06,0.00198001,0.0207516,0.0137769,-0.0006206,0.000645901,0.0201024,0.000724258,0.000183883,0.0232809,6.68035e-05,0.0232786,-0.000642419,-0.00281103,0.00017084,-0.00127291,0.000291589,0.000999165,0.00925572,-9.54383e-05,0.00118174,0.00114486,0.0361428,0.00105345,0.00039482,-0.00327881,0.000223494,1.32736e-06,4.19511e-05,-3.43244e-06,-1.26734e-05,2.95847e-05,-1.0379e-06,0.00114183,-0.490533,0.00195629,0.00883713,-0.29794,-0.154048,-0.139984,-0.0171996,-0.0601424,0.889693,-0.247292,0.0023868,0.0133008,0.00450067,-1.90303e-05,-3.14359e-07,-1.30019e-05,5.62155e-05,-3.91844e-06,0.000532361,-8.33139e-06,-0.000114902,-2.16142e-06,-5.27101e-05,1.41804e-06,-4.7478e-06,-0.000173683,-7.36098e-05,-1.55564e-06,-6.88556e-05,-9.9288e-06,-0.000181596,-4.0282e-05,-3.7988e-05,-1.52856e-05,0.00304958,0.0672137,0.0587323
PL,-5.80026e-07,3.29245e-05,8.03201e-07,-5.31683e-06,-1.23119e-05,-0.000121399,-0.000132138,0.00081648,3.44478e-05,3.11174e-06,-1.15908e-05,-7.33127e-06,-7.78466e-08,1.46459e-05,5.53111e-06,-2.61949e-05,-3.51944e-06,3.96182e-06,-7.58965e-06,4.42937e-05,0.00174083,0.000639615,-0.000100811,5.46841e-05,0.00447632,0.00033908,-0.00025296,0.00466371,0.000871742,0.00472213,0.000164982,-0.000120914,-5.98702e-05,-0.000266415,-0.00100948,0.000148256,-0.00056176,-5.80006e-05,1.04836e-05,1.58224e-05,-0.0264956,0.00186389,-0.000876401,0.00433845,-0.000224904,-3.59571e-06,-1.60155e-05,3.12745e-06,4.09036e-06,-0.000108394,1.77138e-06,-0.000178972,-0.00386177,0.000488063,-0.000142299,-0.111187,-0.0788825,0.104811,0.0205641,-0.121967,-0.00538373,0.868042,-0.00125902,-0.0182299,-0.00476143,-2.21757e-06,-1.12215e-06,6.03433e-07,1.52919e-06,8.73878e-08,-5.49031e-06,-1.0329e-06,-2.71051e-05,-5.98162e-07,-1.32028e-05,-9.47248e-08,-1.22403e-06,-3.76741e-05,-3.16034e-05,-1.36918e-07,-7.61455e-06,1.23636e-06,-2.58413e-05,1.3988e-06,-2.23675e-06,-1.84704e-06,-0.000842063,-0.190534,-0.0576608
MB,-6.18296e-07,3.76835e-05,5.17541e-05,-6.20207e-06,9.94759e-07,-0.000130072,-3.63016e-05,-0.000186826,-8.51723e-06,-4.02519e-06,-6.84847e-05,-4.74382e-05,-2.66009e-07,9.80807e-05,0.000331668,0.000351452,0.000125016,-0.000147796,0.00015504,0.000255035,0.00766355,0.00716624,-0.000178565,0.000712609,0.0152937,0.000552317,-0.000800093,-0.000285225,0.00880426,0.00418377,0.00662401,0.00176563,0.000236305,-0.000411905,0.0110093,0.00401351,0.0069068,0.0019727,0.0011493,0.00131141,-0.295244,-0.0326584,-0.0535395,-0.242777,0.0169496,0.000809153,0.00307539,-0.000150321,-1.56165e-05,-0.00867943,-6.73741e-05,-0.0556493,0.00306857,0.000553174,-0.0195179,0.00644216,0.00799043,-0.0205663,-0.0218622,-0.0680523,0.000878099,-0.052441,0.929927,-0.0708001,-0.0480577,-1.11813e-05,1.51309e-05,4.77727e-06,2.5784e-05,-2.24381e-06,-1.47642e-05,-3.02664e-06,-0.000113448,6.11914e-06,-2.40972e-05,3.52091e-06,-2.10345e-05,-8.12249e-05,9.96891e-05,-1.56814e-06,-4.31289e-05,2.40993e-05,-8.10684e-05,5.12559e-05,-2.30108e-05,-1.54402e-05,0.0155269,0.0420506,-0.188624
SG,3.13991e-07,-1.82508e-05,4.08112e-07,1.47078e-06,-1.43563e-05,9.57142e-06,-5.14071e-05,-0.000191785,-9.96344e-06,-1.7821e-05,-2.33592e-05,-1.21006e-05,4.06231e-07,8.3524e-07,3.43546e-05,6.36468e-07,-6.97373e-06,-0.000192191,1.32869e-05,7.45825e-06,0.00134271,0.00041195,-5.23315e-05,4.4547e-05,0.00458782,-0.000181573,-0.000411316,-0.00104382,-0.000405895,0.0043292,3.68803e-05,-0.000764211,-8.95318e-06,-0.000235701,0.00172009,0.0010288,0.000417099,0.000289658,-0.000192479,-0.000245333,-0.00777822,0.00420717,0.00549475,-0.0404891,0.00566144,0.000192332,0.000604588,-1.98891e-07,5.1303e-06,0.000301662,3.90971e-06,-0.0015236,0.00216439,0.000725103,0.00402935,0.00522079,-0.0192565,0.0807037,0.186049,-0.144735,0.000575981,-0.0861515,-0.00776392,0.92087,-0.0216025,-2.62326e-06,-2.37269e-06,4.20734e-07,-3.91539e-06,1.18273e-06,-1.7676e-05,-1.19174e-07,-2.62789e-05,-1.49116e-06,-2.60815e-05,-4.33193e-07,-4.71747e-06,-5.85404e-05,-8.2976e-05,-4.72771e-07,-6.20515e-06,8.94274e-07,-3.27568e-05,-1.89504e-06,-1.66241e-06,-1.46974e-06,0.000540857,-0.0898579,-0.377547
MA,-3.92632e-08,1.46227e-05,-1.24527e-05,-5.86492e-07,-1.01866e-05,-4.84809e-05,-4.49177e-05,-0.000225799,-8.98408e-06,-7.98996e-06,-2.78355e-05,-1.42366e-05,2.69939e-07,1.63975e-05,0.000127071,0.000297722,3.49909e-05,-0.000222989,7.98222e-05,0.000123555,0.00439879,0.00246144,-0.000101218,0.000178075,0.00993009,-0.000123398,-0.000626982,-0.000653427,0.00396676,-0.00393941,0.00241866,0.000697953,-0.000475994,-0.000316056,0.00354239,-0.00393806,0.00253377,-0.000788052,0.000366594,0.000269226,-0.151759,-0.0178512,0.00502097,-0.124215,0.00866671,0.000436797,0.00135378,-0.000426617,-0.00014644,0.000456914,4.47796e-06,0.0011907,0.00228671,0.000556921,0.00517783,0.00540035,-0.00820424,0.0446838,0.102197,-0.115978,0.00063668,-0.0741454,-0.0268058,-0.0762983,0.965193,-3.56875e-06,7.94814e-06,2.72065e-06,1.68789e-05,-8.65315e-07,-1.75999e-05,1.3979e-06,-2.00653e-05,3.56305e-06,1.71908e-05,2.02108e-06,4.38017e-06,-6.99964e-06,0.000117939,1.30662e-06,-1.24996e-05,1.14587e-05,-2.8881e-05,2.63368e-05,-7.88555e-06,-5.59004e-06,0.00362782,-0.0413632,-0.299166
Bathyrajabrachyurops,-1.97143e-06,0.00206139,-0.00061453,0.000211215,4.60695e-05,-0.00386058,-0.0231132,-0.0279104,-0.000365379,-0.00138456,-0.0125401,-0.0061043,-0.000348767,0.00325499,0.0658525,0.000982642,0.00615604,0.124406,0.00424629,-0.0144724,-0.086619,1.75464,-0.00540526,0.0445441,1.72261,-0.00134039,-0.107563,-0.023382,-0.0240155,-0.0311406,0.0151438,-0.185047,-0.0417577,-0.0354289,-0.0264326,0.381519,-0.0742223,0.17518,-0.0097087,-0.00660406,0.962842,0.652869,0.0681066,-0.0127243,0.0116536,-0.00050948,0.0035526,-9.30262e-05,-0.00168683,-0.000446465,-1.16745e-05,0.0774747,0.239066,-0.00343663,0.000786234,0.185196,0.0958506,0.249418,0.0271796,0.297703,0.0554266,0.352361,0.106055,0.170422,0.115848,0.997638,-0.000298891,3.00485e-05,-0.000589104,0.000188203,-0.00140777,-0.000990771,-0.0130303,-0.000469257,-0.0103534,-7.18708e-05,-0.00289667,-0.0158184,-0.0191823,-0.000302668,-0.00717541,-0.000150891,-0.00658495,-0.00249603,-0.00494031,-0.000961913,0.0722795,-0.319176,0.854871
Chimaeramonstrosa,-4.19533e-06,0.000622621,-0.000368998,3.19633e-05,0.000414252,-0.000415121,-0.000193228,0.00393689,4.26715e-05,0.000258629,-0.00095466,0.00053757,1.98958e-05,-0.000552323,-0.00339512,-0.00262967,-0.00192483,-0.0043517,-0.00179851,-0.0041088,-0.00546651,-0.0142175,-0.000837352,-0.0135686,-0.20927,-0.000877364,0.0157729,0.000533045,0.0101567,0.0183335,-0.0461508,0.00449045,-0.00670996,0.00821537,0.00963978,-0.060801,-0.147055,-0.0423652,-0.0755773,-0.0582783,-0.181361,5.74118,0.20278,0.486105,0.00113059,-0.00806439,-0.0697265,-0.000256778,-0.00824205,-0.0009985,-2.93535e-05,-0.134424,-0.0197985,-0.00181582,-0.0383784,-0.0132422,-0.0904869,0.41555,-0.66465,0.00449647,-0.00464455,-0.0105393,0.309865,0.506373,0.339314,-0.00017779,0.997368,-1.31874e-05,-0.00257893,1.98707e-05,0.000651289,-0.000228129,0.00122542,-0.00114938,-0.00463157,-0.000559851,-5.54801e-05,-0.00540927,-0.0134782,-5.37222e-05,-0.000136075,0.000151788,-0.00031258,0.000142206,3.33532e-05,6.58792e-05,0.66199,-0.693339,1.13258
Dalatiaslicha,1.29683e-05,0.009491,-0.000314924,0.000879716,0.00227188,-0.00578118,-0.0125603,-0.0122549,-0.00119352,-0.00259757,-0.00303248,0.00238391,4.84437e-06,0.000571792,0.00672355,0.00199204,-0.00135775,-0.0128056,-0.00538995,0.018733,-0.047604,0.480649,0.00114934,0.036504,1.41353,-0.0132917,-0.0924416,-0.0566506,-0.141173,-0.0697818,0.0343809,3.07846,0.0341017,-0.240932,0.727032,-0.00664945,1.40351,0.0120197,-0.0173391,-0.0239734,4.76059,0.502693,0.01604,-0.044698,0.095437,0.000152153,0.0240896,-0.000220231,-0.00170182,-0.00343226,-2.14068e-05,0.0512674,0.92954,0.0258163,0.116168,0.116455,0.0124095,0.972537,0.855208,0.52268,0.190574,0.722272,0.291026,0.193329,0.239303,-0.000901515,-0.000238671,0.848793,-0.00103826,0.476385,2.29717,0.0030733,0.202343,-0.000187341,-0.00303881,-7.1234e-05,-0.000415397,-0.00507852,-0.0073076,-5.41791e-05,0.0476012,0.378953,0.235914,-0.0105354,0.0053636,0.00528011,-0.47423,-1.33619,1.27771
Dipturusoxyrinchus,8.87124e-07,-0.00100236,-0.000200206,-2.17366e-05,-0.000605551,-0.0043128,-0.00155463,0.00291324,-0.000218113,-0.000598428,0.00550837,0.00497887,0.000627839,-6.44775e-05,-2.77091e-05,-0.00324859,-0.000266226,0.023394,-0.000706812,0.0507601,0.0342179,-0.0137535,0.0324392,-0.00543803,-0.0485342,-0.00192055,0.00332821,-0.0114595,-0.0175532,-0.012879,0.155375,-0.00136045,-0.00150283,0.00267472,0.128057,0.148832,0.0030382,0.0294942,-0.00134303,-0.0111556,0.610559,0.954893,0.0343028,0.0835672,0.00822221,-0.00129015,-0.0061026,-7.28568e-05,-0.0016038,-0.000454141,-7.66498e-06,-0.00865995,0.194878,-0.00152051,0.0168441,0.0529707,0.00923448,0.183486,0.0194185,0.0971457,0.0411143,0.142521,0.0900933,0.104602,0.0927958,-7.46811e-05,-0.000438588,-1.50305e-06,0.999101,-1.58619e-06,-0.000278912,-0.00025263,-0.00217463,-0.000218036,0.0170819,-0.000105927,-0.000343746,-0.00315529,-0.00498907,-6.19398e-05,-0.000748632,-0.000197232,-0.00104774,-0.000915193,-8.92151e-05,-0.000254914,0.0531278,-0.253101,0.328883
Etmopterusspinax,3.82037e-06,-0.000971285,-6.84933e-05,2.22459e-05,0.000618803,-0.0101452,-0.00953818,-0.0141282,2.13859e-05,-0.000357641,-0.00268231,0.000292755,5.18389e-05,-0.000159248,-0.00010716,-0.000495433,-0.000800442,-0.0163272,-0.0045526,-0.0169102,-0.0234019,0.360682,0.000237287,0.0013362,1.00547,-0.00368167,-0.0600049,-0.0151827,-0.0437724,-0.0254047,-0.0226303,2.83862,-0.00379341,-0.0682952,0.285734,-0.00663871,0.55672,-0.00141265,-0.00551624,-0.00929068,1.34177,0.260461,0.00969365,-0.000668335,0.03823,-0.000110622,0.0155694,-6.87547e-05,-0.000670052,-0.00103069,-6.57491e-06,0.0271236,-0.0420228,-0.0086491,0.0515218,0.110975,-0.0586759,0.337972,0.21848,0.0982107,-0.00408604,0.185052,0.0931805,0.0785851,0.0772679,-0.000633683,-0.000122191,-0.155597,-0.000368596,0.903825,-0.451209,0.000350103,0.026725,-0.000108891,-0.00187208,-3.22406e-05,-0.000165561,-0.00318008,-0.00349487,-3.57184e-05,0.00564546,-0.0882977,0.0312304,-0.00553823,-5.57333e-05,0.000686218,-0.150131,-0.499666,0.482254
Galeusmelastomus,2.19034e-06,0.00345361,-2.45759e-05,0.000257645,0.000495787,0.00102876,-0.00134098,-0.00295174,-0.000397187,-0.000896705,-0.000757024,-9.57076e-05,4.18147e-06,2.79976e-05,0.000305925,-0.000137852,-0.000255553,-0.00254307,-0.000390277,-0.0031393,-0.0136093,0.0202039,0.000401649,0.00135895,0.231667,-0.00136047,-0.0158702,-0.0146693,-0.00596873,-0.00968828,-0.000593004,0.19882,0.00114654,-0.0521268,0.13726,0.00113535,0.03757,0.00236895,-0.00147923,-0.00246986,0.157531,0.0542026,-0.000234418,-0.00773233,0.00766334,9.43717e-05,0.00337199,-9.7079e-06,-0.000162364,-0.000293362,5.8347e-09,0.0022339,0.304436,-0.00162754,0.0212989,0.020478,0.0462531,0.162871,0.0335741,0.0144935,0.0617851,0.0634061,0.0109447,0.00344066,0.00803167,-9.08415e-05,-2.68093e-05,-0.0209099,-0.000106588,-0.0125292,0.939682,0.000176011,0.0111858,-1.78402e-05,-0.000294966,-7.4046e-06,-4.36538e-05,-0.000355932,-0.000701102,-3.99967e-06,0.00265909,-0.0113432,0.0129155,-0.000603576,0.000313567,0.000303806,-0.114697,-0.184078,0.0556501
Mustelusasterias,-2.21251e-05,-0.0036992,-0.000424487,-0.000598225,-0.0022988,-0.0370606,0.0973533,0.121551,-0.000226983,0.00520265,0.00821819,0.016177,-0.000533931,0.00190127,0.0584136,0.00354922,-0.0017087,0.186525,-0.00360322,-0.0265716,0.00975317,0.867474,-0.0142551,0.828004,-0.0974792,-0.00698609,-0.00254403,-0.0112635,0.00539051,0.057183,1.40676,-0.0967944,0.048054,-0.0162277,-0.0255513,0.570499,-0.0592009,0.06665,-0.0140852,-0.0020685,1.26288,0.865237,0.194525,0.417761,0.0210729,-0.000622238,0.0363249,-0.000107249,-0.00258173,-0.00136724,-1.67001e-05,0.117171,0.149901,-0.00313684,-0.0154761,0.108248,0.0215566,0.278125,0.117243,0.255417,0.0343641,0.295305,0.208703,0.219342,0.193789,-0.00129035,-0.000398798,-0.000147849,-0.00182827,-0.000914046,-0.00920893,0.995697,-0.0538217,-0.000411285,-0.00768371,-0.00012349,-0.00192103,-0.0140302,-0.0154196,-0.000287685,-0.0133153,-0.0108047,-0.0118309,-0.00948833,-0.00356383,-0.00277905,-0.0595769,-0.397986,0.73627
Mustelusmustelus,-6.17799e-06,-0.000235044,-0.000375354,-3.32091e-05,-0.00070777,-0.00482347,-0.000625579,0.0429062,-4.63924e-05,0.00094661,0.00200402,0.00345369,-6.02338e-05,0.00036818,0.0110937,0.00188264,0.000285466,0.0205665,-0.000431102,-0.00508526,0.0116202,0.162877,0.0125448,0.194948,-0.0231678,-0.0014179,0.000642095,-0.00398033,0.0138025,0.105316,0.186764,-0.0326003,-0.00636309,-0.00164608,-0.00691864,0.0625697,0.0114896,0.113319,-0.00133802,0.00190664,0.220358,0.0815408,0.0201259,0.0234205,0.0100854,0.000275418,0.00570915,-1.0711e-05,-0.000557595,-0.000334541,-1.35622e-06,0.0196759,0.0250404,-0.000621621,-0.00960595,0.0499203,-0.00442759,0.0989828,0.043423,0.0171548,0.00699111,0.0511538,0.024595,0.0154905,0.0243643,-0.000255169,-3.87034e-05,-0.00011791,-0.000273266,-0.00105629,-0.00948145,-0.000804369,0.987352,-7.0178e-05,-0.00174059,-1.43155e-05,-0.000985048,-0.00312767,-0.00456988,-4.40658e-05,-0.00251422,-0.0103855,-0.0024434,-0.00598828,-0.000640975,-0.000456368,-0.0740535,-0.130498,0.0763322
Myliobatisaquila,-4.09395e-06,0.00135593,-0.00140996,0.000124531,0.000773377,0.00444988,-0.00671676,-0.00204797,-4.36432e-05,-9.75581e-05,-0.00347252,-0.000156821,2.94044e-05,0.00534047,0.105841,0.0011749,0.0090972,-0.0081196,0.00555965,-0.0108718,-0.0524609,0.499517,-0.00476456,-0.0134515,0.15322,0.00242291,-0.0049878,-0.0259226,0.00628193,0.0211938,-0.0632125,-0.0409477,-0.0179074,0.00202179,0.00366783,0.549473,-0.188134,0.24187,-0.076851,-0.0597751,0.357649,5.65635,0.584037,0.476127,-0.00683216,-0.0079912,-0.0637398,-0.000298327,-0.00955182,-0.000804357,-3.63377e-05,-0.0960715,0.0454454,-0.00184041,-0.042827,-0.000358399,-0.083388,0.411237,-0.616046,0.238366,0.0089538,0.201219,0.381259,0.563747,0.400707,-0.00109005,-0.00258747,-1.30482e-05,-0.00287586,8.21186e-05,0.000595966,-0.000669791,-0.00540217,0.998594,-0.0123803,-0.00056113,-0.00386175,-0.0164446,-0.0301228,-0.000333002,-0.00314655,0.000213947,-0.00296636,-0.000494378,-0.00151626,-0.000793044,0.988424,-0.707771,1.47671
RSH,-1.29893e-07,0.000111278,-0.000429818,2.59275e-05,4.57532e-05,-0.00126073,-0.00252328,-0.00220189,-2.76313e-05,-0.000127615,-0.00138542,-0.000981199,-4.15742e-05,0.00187266,0.0353913,-0.000364786,0.00324119,0.0145761,0.00206483,-0.00276873,-0.0182067,0.1643,-0.00151456,-0.00226831,0.116555,-3.83457e-05,-0.00730896,-0.00979082,0.00964229,-0.00137633,-0.0112879,-0.0168444,-0.00444472,-0.00184146,-0.0047509,0.23284,-0.0173115,0.12233,-0.00479623,-0.0035127,0.183543,0.324274,0.041924,0.0235026,0.00404638,-0.000313933,0.000771394,-2.78531e-05,-0.000883217,-1.1469e-05,-2.46597e-06,0.00514029,0.0191598,-0.000305166,-0.00202003,0.00775661,-0.0122341,0.0952337,0.000519672,0.0214807,0.00411691,0.034605,0.0333508,0.0379993,0.0408444,-0.000327029,-0.00014823,-8.35784e-07,-0.00363979,2.46847e-05,-1.82944e-05,-0.000160887,-0.00239118,-0.000160353,0.996781,-0.000126497,-0.0014763,-0.00449998,-0.00744407,-0.00010754,-0.000988346,2.75855e-05,-0.000918927,-0.000200903,-0.000497286,-0.000267419,0.0672841,-0.143389,0.143074
RSS,-1.17079e-05,-0.000622483,-0.00142105,3.00895e-05,-0.000159262,-0.0109026,-0.00392261,0.0186431,-0.000432476,-0.000738502,0.0115842,0.014142,0.00163707,-0.00159751,-0.00858765,-0.0142806,-0.00555539,0.0486329,-0.00629113,0.117091,0.0742391,-0.0668448,0.0790763,-0.0474409,-0.641162,-0.00322695,0.0498259,-0.0219698,-0.0183437,0.0304675,0.270947,0.0155903,-0.0203339,0.0288235,0.35453,0.204957,-0.39964,-0.0434402,-0.201224,-0.179006,1.2124,17.2824,0.616748,1.4928,0.006206,-0.0247497,-0.204347,-0.000858003,-0.0252462,-0.0028126,-0.000100562,-0.369732,0.439456,-0.0081895,-0.0570918,0.0909776,-0.14656,1.23705,-1.74121,0.517556,0.0913457,0.493152,1.04284,1.63904,1.13446,-0.000663016,-0.00791738,-3.77622e-05,-0.00891714,2.75754e-05,0.0011066,-0.00122814,-0.00198153,-0.00353076,0.0307081,0.998283,-0.000960134,-0.0216125,-0.0467024,-0.000293805,-0.00220903,-0.000114553,-0.0032048,-0.00191363,-0.000143809,-0.000472944,2.27104,-2.01151,3.98863
Rajaasterias,-5.93772e-06,-0.000197529,-0.00574722,-5.70417e-06,0.000341046,-0.00395439,-0.00350392,-0.00341349,-1.86258e-05,-0.000310963,-0.00217478,-0.00475498,-3.60735e-05,0.0178391,0.327178,-0.00155234,0.00422765,0.0159717,0.00261588,-0.00856255,-0.0625798,0.189225,-0.00984376,-0.0536585,0.110003,0.00158755,-0.00688957,-0.0119219,0.12547,-0.000299851,-0.0889735,-0.0177243,-0.00624764,-0.000168695,-0.0218765,0.3518,-0.0385205,1.77794,-0.0064433,-0.00470456,0.659063,0.306388,0.191905,0.0327067,0.0196114,0.000717026,0.00115744,-7.32718e-05,-0.00569033,0.000327327,-6.79823e-06,0.0199632,0.0160353,-0.000308777,0.00274078,-0.00815105,-0.0415214,0.121269,0.0320673,0.199411,0.00281066,0.195878,0.0784375,0.0784178,0.114036,-0.00112489,-0.000136093,-6.38627e-06,-0.00062674,5.01322e-05,0.000330024,-0.000260584,-0.016323,-0.000626693,-0.0179081,-4.35572e-05,0.983905,-0.0227527,-0.0514268,-0.000304359,-0.00334367,0.000283041,-0.0033628,2.79692e-05,-0.000830463,-0.00209293,0.317135,-0.212781,0.377149
Rajaclavata,-2.94534e-06,-0.00360277,-0.000195256,-0.000224872,-0.000577421,-0.0117457,-0.00405888,0.00581082,-2.70842e-05,0.00852093,0.0239572,0.01711,-0.000216798,0.000924068,0.0173112,-0.000218814,0.0017589,0.0732729,0.00104183,0.0141632,0.0434957,0.093148,-0.00250482,-0.00162773,0.113403,-0.00257147,-0.00863703,0.003491,0.0315368,-0.00559864,-0.00378138,-0.0134802,0.00454144,0.0313186,0.0509777,0.139071,0.00313304,0.0501914,-0.00264648,0.0110458,0.145738,0.185348,0.0213262,0.0105719,0.00608649,-9.0578e-05,0.00233445,-1.77255e-05,-0.000489102,0.000173844,-1.12017e-06,0.00415343,0.0316883,-0.00105614,0.0196316,0.0270882,0.0115348,0.118822,0.0177528,0.00163158,0.00743517,0.0279763,0.0213442,0.0181199,0.0236754,-0.000204204,-8.57559e-05,2.20219e-07,-0.000231623,1.45117e-05,-7.00487e-05,-0.000121758,-0.00144568,-8.80863e-05,-0.00175531,-2.20773e-05,-0.000695441,0.994798,-0.00396064,-6.17161e-05,-0.000773803,-1.70413e-05,-0.00120269,-0.000249997,-0.000299708,-0.000305125,-0.0252681,-0.149319,0.0805383
Rajamiraletus,1.28337e-06,1.69484e-05,-0.000503821,2.27701e-05,6.57808e-06,0.000639579,-0.00100869,-0.000489112,-4.75442e-06,-5.63705e-05,-0.000365998,-0.0002471,5.93663e-06,0.000612406,0.012172,-0.0019379,0.00113248,-0.00200083,0.000700445,-0.00104814,-0.0146233,0.0624937,0.000550583,-0.00513112,0.0171604,-0.000308964,-0.00112295,-0.00746179,-0.00633293,-0.00433368,-0.0142086,-0.00898032,-0.0019887,-0.000136074,-0.00621161,0.15462,-0.00940882,0.145236,-0.00426551,-0.00330152,0.239948,0.300128,0.0271002,0.0134319,0.00503076,-0.000291231,0.000278483,-2.67721e-05,-0.000910386,-0.000291902,-1.96662e-06,-0.00178542,0.00529457,-0.000157705,-0.00465689,-0.00444863,-0.0274592,0.0989133,0.0269269,-0.00192741,0.000823624,0.0137137,0.0306158,0.0261989,0.0360765,-0.000161635,-0.000138311,-4.62618e-06,-0.000251216,1.71137e-05,2.73518e-05,-6.70764e-05,-0.00159876,-0.000119507,-0.00214719,-3.24128e-05,-0.00123044,-0.00290993,0.993757,-6.94316e-05,-0.000357637,1.4788e-05,-0.00034593,-0.000100156,-0.000186649,-7.93402e-05,-0.00815414,-0.155992,0.095792
Rajapolystigma,5.06786e-05,0.00543491,-0.00342414,0.00127248,0.00307572,0.0510795,-0.0567479,-0.0181441,-0.000364511,-0.00175212,-0.0143456,0.00355395,0.000471648,0.0176769,0.347679,-0.309513,0.0255095,-0.183301,0.0181845,-0.00506483,-0.631456,3.88845,-0.0183185,-0.0953648,0.914111,0.0280782,-0.0406869,-0.62851,-0.0823995,0.0415679,-0.308917,-0.324373,-0.0887385,-0.000251781,-0.145016,14.7397,-0.406049,0.942564,-0.0672696,-0.0434923,4.31014,3.78759,0.456815,0.111562,-0.0157809,-0.00636205,0.205008,-0.00056854,-0.0084696,0.00124122,-5.31035e-05,0.36894,0.407051,0.00177551,-0.125711,-0.379066,-0.134021,-0.120886,0.133458,2.11945,0.0662098,1.64792,0.551303,0.832421,1.10512,-0.00787742,-0.00170066,-0.000110078,-0.00881019,0.000680466,0.0024073,-0.00538228,-0.0478192,-0.00353448,-0.0883367,-0.000565428,-0.0206796,-0.134897,-0.198689,0.994784,-0.0217084,0.0010177,-0.0177163,-0.00497905,-0.0115477,-0.00311098,2.60887,-0.23034,3.57074
SSH,-6.24362e-06,-0.00212402,-9.95629e-05,-0.00015327,-0.0002361,-0.00642752,0.00435076,0.0108678,-0.000112806,0.00385487,0.00981864,0.0163661,-0.000116388,0.00380527,0.0439276,0.0105377,-0.000506165,0.0379894,-0.000858747,-0.014206,0.148454,0.535923,-0.00689255,0.0879418,-0.0455579,-0.00172233,0.000316151,-0.00253369,0.00647002,0.066853,0.327037,-0.0632812,0.0287263,-0.00434515,-0.00755443,0.0800352,-0.0187662,0.00930656,-0.00254153,-0.000393438,0.40391,0.138414,0.0233688,0.035334,0.0131192,0.000232109,0.0087201,-2.75652e-05,-0.000459864,-0.000520178,-3.50477e-06,0.0448757,0.0841257,-0.000910822,-0.00842138,0.0172908,0.00996376,0.0969032,0.0735701,0.0656646,0.0175371,0.0752793,0.0445495,0.0402744,0.0375283,-0.000581854,-6.4946e-05,-0.000133205,-0.000388998,-0.00102916,-0.00971555,-0.000890425,-0.011158,-0.000123453,-0.0028109,-2.23292e-05,-0.00085987,-0.00596554,-0.00470841,-7.94657e-05,0.995481,-0.0108016,-0.00666912,-0.00696515,-0.0018109,-0.00110852,-0.0855514,-0.131098,0.187512
SSS,1.59179e-06,0.000943458,-6.91087e-05,9.68436e-05,0.000277326,-0.00174666,-0.00238843,-0.00114459,-1.22202e-05,3.3511e-06,-0.000176116,0.000650482,-3.33661e-05,0.00029916,0.00201727,0.00162237,8.10661e-05,-0.000516048,-0.000945586,0.0536836,0.0101051,0.14078,-0.0016791,0.00998341,0.201749,-0.00164331,-0.0133275,-0.00620302,-0.0245303,-0.00969517,0.0524778,0.470498,0.00896596,-0.0343809,0.096504,0.00301053,0.15245,0.00501554,-0.00257276,-0.00299522,0.84602,0.0881883,0.00198526,-0.00986026,0.0163089,6.82777e-05,0.00496242,-3.95112e-05,-0.000320199,-0.000673901,-3.96718e-06,0.0114036,0.0312024,-0.00139406,0.0155719,0.0194423,-0.0263872,0.142818,0.150274,0.0731269,0.00696654,0.0982553,0.0516795,0.0358155,0.0430258,-0.00020039,-4.21593e-05,-0.010681,-0.000232057,-0.00747716,-0.0349233,0.000724277,0.0508935,-3.90908e-05,-0.000712168,-1.38344e-05,-0.000119771,-0.00144664,-0.00162373,-1.52952e-05,0.0118323,0.990782,0.0596123,-0.00263388,0.00127973,0.00126136,-0.104049,-0.217262,0.232028
Scyliorhinuscanicula,-6.943e-06,-0.0107309,-0.000287663,-0.000557726,0.000204287,-0.000979022,-0.00294276,-0.00200067,-8.71227e-05,0.000457761,0.002194,0.00420421,-2.22103e-05,0.00385125,0.0119422,0.0032247,-0.000233323,0.00230939,-0.000447607,0.00147668,0.405013,0.167005,-0.0086606,0.0028977,0.0168125,-0.00141796,-0.00334899,0.00175757,0.00563385,-0.0228217,0.0499148,-0.0375866,0.2081,-0.0132036,0.0436137,0.0267921,-0.00851341,0.00193083,-0.0015083,-0.0014371,0.208552,0.0952504,0.00591435,0.0209154,0.00802603,0.00016598,0.0131228,-1.47008e-05,-0.000490106,-0.000425932,-9.89047e-07,0.010828,0.0665951,-1.21476e-05,0.00500151,0.0177038,0.0064294,0.0896864,0.0367806,0.00942336,0.0140355,0.0319498,0.0214399,0.0179482,0.0221232,-0.000180987,-4.5423e-05,-0.000148007,-0.000146054,-0.00144157,-0.0129652,-0.0002204,-0.00304401,-4.74142e-05,-0.000902624,-1.20014e-05,-0.000249376,-0.00292685,-0.00171159,-2.51833e-05,-0.00191819,-0.01394,0.988118,-0.00765,-0.000570906,-0.000410922,-0.102686,-0.119477,0.0858042
Squalusblainville,1.96928e-06,0.00324398,-4.80979e-05,0.000232571,0.000408121,-0.00187202,-0.00263447,-0.000184092,4.69918e-05,2.59659e-05,3.0379e-05,-0.000118694,-0.000136118,0.000353112,0.000696684,0.00487388,0.00108505,0.00288872,-0.000557242,0.208837,0.00113846,0.23184,-0.00699055,0.00163874,-0.0443345,-0.00119274,0.000574469,-0.00635902,-0.0285016,-0.0147627,0.164325,0.0980805,-0.00148112,-0.0453235,0.00426638,0.00326156,0.0397826,0.00292887,-0.00243871,-0.00162058,0.931543,0.0646236,0.000245386,-0.00291753,0.0132135,4.08946e-05,0.00284289,-4.22788e-05,-0.000273885,-0.000706004,-4.49498e-06,0.0178169,0.057541,-0.000612473,0.00057179,-0.012802,-0.0278537,0.104859,0.186355,0.0799827,0.0109443,0.0883209,0.0566553,0.0321962,0.0448245,-0.000209001,-3.11473e-05,3.1035e-05,-0.000391171,-0.000294871,-0.00146424,7.06987e-05,0.0180661,-3.75359e-05,-0.000756379,-1.61741e-05,-9.97445e-05,-0.00181121,-0.00168635,-2.04414e-05,0.00354035,-0.00168044,0.0225181,0.996596,-7.54475e-05,0.000252841,-0.0941472,-0.171718,0.20127
Torpedomarmorata,-3.96433e-06,-6.6595e-05,2.65999e-05,0.000175645,-0.000162844,0.00142461,-0.0256735,-0.00534829,-0.000513608,0.00278455,-0.00209088,0.0153804,-8.99113e-05,0.00112919,0.0388272,0.00964229,-0.00178851,0.0198293,-0.00109694,-0.0356514,-0.12484,3.49091,-0.0107901,-0.0128282,-0.116258,-0.000989404,0.00402938,-0.0128175,-0.0282349,-0.0094408,0.47256,-0.312426,-0.0612937,-0.000849002,-0.0375487,0.0778244,-0.0838934,-0.00131535,-0.0048411,-0.00205562,0.91715,0.179647,0.00627514,-0.0580104,0.0154464,0.000152489,0.00354293,-7.00627e-05,-0.000468093,-0.00166298,-1.06311e-05,0.1918,0.401829,-0.00150917,-0.0206932,-0.0541905,0.068062,0.0228221,0.251935,0.29156,0.0783625,0.232243,0.0906586,0.102712,0.0616421,-0.00315423,-8.48967e-05,-0.000239716,-0.000490265,-0.000580266,-0.00942536,-0.00187923,-0.0226891,-0.000407208,-0.0102908,-2.8598e-05,-0.00153901,-0.0164895,-0.0155787,-0.000299729,-0.0146781,-0.0116194,-0.0133622,-0.0119026,0.98997,-0.00209757,-0.180549,-0.0368339,0.570334
Torpedotorpedo,-2.74066e-05,-0.000994795,-0.000164971,-0.00033078,7.25896e-05,-0.0285238,0.00152533,-0.0039795,-0.000252768,0.0435671,0.130771,0.183079,-0.000561847,0.0306211,0.392299,0.0137769,-0.00113875,0.17804,-0.00366386,-0.0520782,1.01236,0.589433,-0.0332134,-0.00181189,-0.115322,-0.00557932,-0.00181145,-0.00161619,0.0616444,0.992212,1.51378,-0.084913,-0.00207539,-0.0191904,0.0560552,0.065119,-0.0281616,0.0212981,-0.00554567,0.00248282,1.36935,0.249733,0.0689167,0.0245799,0.0689636,0.00224199,0.025346,-8.20994e-05,-0.000921777,-0.000927102,-1.02289e-05,0.131282,0.210848,-0.0040639,-0.0514966,0.144502,0.0987735,0.287583,0.208151,0.347336,0.0481442,0.352251,0.122438,0.106252,0.0999754,-0.00106201,-0.000117952,-0.000178652,-0.00159164,-0.00135832,-0.0130459,-0.00241061,-0.025715,-0.000376914,-0.00929309,-6.45308e-05,-0.00554511,-0.0282805,-0.0134302,-0.000157721,-0.0140876,-0.0146334,-0.0197382,-0.0110584,-0.00329554,0.993479,-0.215839,-0.293613,0.565668
DC,-6.4232e-06,0.000538592,9.39662e-05,1.56642e-06,0.000562729,0.00213366,0.000912031,0.00170798,-2.57309e-05,0.000142119,0.000235062,0.00025638,-4.60128e-06,4.70206e-05,0.000875691,0.00131889,0.000250311,0.00168588,0.000331991,0.00183277,0.0142653,0.0150098,0.000227379,0.0036138,0.0701007,0.00830004,-0.000230694,0.0085797,0.00318744,0.044943,0.00992048,0.0166884,0.00193384,0.000964864,0.0263087,-0.0139958,-0.0517956,-0.0133176,-0.00102313,0.00204163,0.111543,-0.228702,0.016867,0.0729815,-0.0411556,-0.00106932,-0.01592,1.50895e-05,0.000706833,0.00295947,3.34826e-07,0.00578359,0.0156888,0.00219187,0.00461201,0.0212973,0.0105351,0.0115167,0.0724801,0.00434668,0.00400558,0.0188242,0.00881042,-0.0104982,-0.000432332,-3.60331e-05,0.000119161,5.68582e-06,0.00015583,-4.42176e-05,0.000187564,-8.34467e-06,0.000443394,3.52461e-05,0.000209432,2.27227e-05,8.03691e-05,0.000744022,0.00203009,1.15125e-06,-2.50741e-06,-1.96169e-05,0.000388743,3.76054e-05,-3.36108e-05,-2.59889e-05,0.928236,0.00125502,-0.0619327
SPOM,-1.91898e-07,1.54349e-05,2.73352e-06,-1.06149e-06,1.97317e-05,6.98686e-05,2.35114e-05,0.000181924,5.55245e-06,1.34313e-05,1.20521e-05,1.47029e-05,-7.5284e-09,5.31914e-06,3.66733e-05,3.07596e-05,5.82077e-06,4.47182e-06,-6.04079e-06,0.000142346,-0.000170023,-6.09792e-05,4.3838e-05,0.000123545,0.00405534,0.000113116,-6.74165e-05,0.000784865,0.00111002,-0.000931084,0.000724372,0.000741162,8.82665e-05,-7.02606e-06,-6.40696e-05,-0.00047362,0.000407189,1.86778e-05,0.000109997,-4.10871e-05,-0.0187761,0.00564634,-0.00328798,0.00643195,0.00119867,5.00922e-06,0.000171035,3.82899e-07,2.65658e-05,-0.000257702,-3.12062e-06,-0.000422298,-0.00130942,-0.000140746,0.00312546,-0.0148912,0.0739623,-0.369406,0.0261086,0.213253,-0.00068055,0.122526,-0.000637353,0.0146728,0.00336199,-9.04467e-07,-2.08029e-06,3.41896e-07,2.55659e-07,-1.92205e-06,8.61006e-06,-9.46479e-07,1.30559e-05,-8.29328e-07,9.19116e-06,-5.07596e-07,4.30479e-07,3.13833e-05,5.67796e-05,7.67462e-08,2.64718e-06,6.81534e-07,1.90359e-05,6.85934e-06,4.15576e-07,-6.31212e-07,0.000764432,0.536624,-0.0551226
BD,-4.27809e-07,1.75932e-05,5.8624e-06,-1.90893e-06,1.67416e-05,-1.95231e-05,7.47824e-05,0.00022181,1.26289e-05,2.09221e-05,3.30963e-05,1.15959e-05,-6.47748e-07,-8.99899e-06,-3.87121e-05,0.000166899,4.63173e-05,0.000295261,6.08868e-05,-8.00201e-05,-0.00166303,-0.000610041,6.17332e-05,2.42497e-05,-0.00781743,0.000275541,0.000620314,0.00132241,-1.46225e-05,-0.00595016,-0.000282021,0.000749235,9.11118e-05,0.000344362,-0.0019685,-0.00127209,0.000262469,-0.000448045,0.00039095,0.000723985,0.02684,-0.0227804,-0.00622146,-0.045387,-0.00295795,6.63523e-06,-7.26835e-05,-1.73821e-05,-6.30035e-05,-0.000183413,-3.61562e-06,0.0038428,-0.00254482,-0.00103947,-0.00684086,-0.00189302,-0.000161772,0.0246541,-0.295999,0.136308,-0.000555165,0.083378,-0.00186448,0.0983199,0.0192293,4.56407e-06,1.10044e-05,-9.38288e-07,1.31492e-05,-1.06599e-06,2.28622e-05,3.243e-06,4.05433e-05,5.28913e-06,4.64717e-05,2.25758e-06,7.43682e-06,9.05296e-05,0.0001427,7.8932e-07,1.20529e-05,-1.85419e-06,4.63878e-05,2.3391e-06,2.69914e-06,2.3948e-06,0.00306244,-0.0773185,0.596847
