FG,SB,MM,TUR,XIP,THU,LPL,MPL,SPL,HAK0,HAK1,HAK2,HAK3,HAK4,MUL0,MUL1,MUL2,MUL3,TRA,PAG,DFS,DFH,DSM,DSP,DSR,MSC,MSG,MSP,ENG,SAR,EPI,CEBH,CEBS,CEPH,CEPS,DNS,DNH,DRS,DRH,ARF,PWL,SUP,Mb_O,Mb_FF,Mb_DF,Mb_C,Mb_PAR,Mb_SCA,Mb_H,Mb_GRA,Mb_SF,Mb_PF,BO,EUP,ZG,ZL,ZM,ZS,PB,BB,PS,DF,PL,MB,SG,MA,RAY,SHK,DC,SPOM,BD,1.GNS+TR_D,1.LLD longline,1.LTL trolling,1.LH hand-pole,1.MIS,1.PS+SB+SV,2.FPO traps,2.GNS+TR_D,2.LLD longline,2.MIS,2.OTB_D,2.OTB_DWS,2.OTB_MDD,2.OTM,2.PTM,2.PS+SB+SV,3.OTM,3.OTB_MDDW
SB,-0.000413537,-2.37175e-05,1.18784e-05,-0.00026631,0.000132654,3.62271e-05,2.63402e-05,9.91379e-05,5.39034e-05,2.82924e-05,-4.61871e-05,-7.22639e-05,-7.49956e-05,-1.33513e-05,7.3254e-06,7.24553e-05,-1.19387e-05,-9.1073e-05,1.88258e-05,3.39046e-05,-2.6905e-06,1.29268e-05,-9.9949e-06,-0.000130436,4.03359e-05,1.05528e-05,3.15566e-05,-0.000947565,-0.000708948,-9.44784e-05,4.46923e-05,2.53459e-05,-4.9229e-05,-6.01678e-05,1.29883e-05,0.000209119,-9.5778e-06,1.10793e-05,7.182e-07,3.18207e-05,8.3251e-05,-2.8032e-06,9.188e-07,6.4142e-06,-3.38669e-05,2.68698e-05,-6.50631e-05,1.47383e-05,6.9611e-06,1.7808e-05,2.12055e-05,-6.21013e-05,6.85702e-05,3.50519e-05,6.54914e-05,0.000133551,-1.11141e-05,2.1793e-06,-5.45452e-05,-7.6048e-06,-8.76662e-05,-8.60066e-05,-3.46875e-05,-5.3435e-06,-3.97498e-05,2.49508e-05,1.94559e-05,-3.32401e-05,-4.7364e-06,1.62549e-05,-6.2427e-06,-0.0001483,-8.121e-07,-1.99796e-05,2.89406e-05,3.07387e-05,1.10793e-05,-1.75786e-05,-9.15292e-05,2.92171e-05,5.9964e-06,1.85586e-05,6.0722e-06,-1.32966e-05,-0.000836411,-0.000574603,2.5131e-06,1.38836e-05
MM,0.0245161,-0.0920501,-0.00527974,-0.0392753,-0.00373728,-0.00600399,-0.00162926,0.0166879,-0.035435,-0.0160893,-0.0190126,-0.00675654,0.000250982,-0.0209602,1.11522e-05,-0.0332386,-0.0111384,-0.0127508,-0.131612,0.0378499,0.00515376,0.00223338,-0.0746304,0.0162222,0.0310863,0.00113701,-0.016207,0.0636208,0.0236616,0.00261116,0.0210055,-0.0103525,-0.114974,-0.241602,0.00301964,-0.0126884,0.00933037,-0.0139493,-0.015481,0.005739,-0.00866013,-0.00645394,0.00230235,0.00119209,0.00628213,-0.00389268,0.0142838,-0.00609784,0.000744069,-0.000227413,-0.00356802,-0.000795917,-0.00906911,-0.0018662,-0.00992509,-0.0124075,0.00224892,-0.000742105,0.00528334,-1.5378e-06,0.00967599,0.00799253,0.00394156,0.000224793,0.00441259,-0.00778188,0.047046,0.00469812,0.000928912,-0.0019551,0.00591812,-0.0275277,-0.0304761,-0.0796686,-0.00277987,-0.00353543,-0.0139493,0.00234955,-0.022822,-0.0029022,-0.0095466,-0.00252163,-0.00811349,0.0170081,0.0450582,0.030964,0.0118908,-0.0102787
TUR,8.11195e-05,-0.000341048,-0.155619,-0.00012751,8.36858e-05,5.94397e-05,-3.92641e-05,-2.33305e-05,-0.000225479,0.000566325,0.000649545,-0.000117761,8.72904e-05,0.00030795,0.000856893,0.000583223,0.000649305,0.000101703,0.000981063,0.000104784,5.04405e-05,0.000241803,0.000298453,-2.03808e-05,7.81717e-05,-3.68769e-05,1.08108e-05,9.32524e-05,0.000407555,2.49761e-05,-0.000187764,0.000125708,-0.00269237,9.54409e-05,-4.0343e-05,0.000117451,6.20094e-05,-0.0182647,0.00040543,0.000470929,-2.21529e-05,0.00149466,0.000181243,0.00120472,0.000467687,0.00329401,0.00296583,0.0275006,-0.384968,0.00301185,0.0254321,0.000285821,-5.96787e-05,3.347e-06,-2.99432e-05,-1.30656e-05,1.12449e-05,-5.8006e-06,-6.02453e-05,7.5948e-06,3.93466e-05,2.57831e-05,-0.000302126,-0.000646789,-0.000281496,-0.00116127,-0.000268858,-0.000248655,5.9739e-06,-2.69298e-05,-0.00128803,7.01131e-05,9.75018e-05,-0.000343432,-1.33037e-05,4.97503e-05,-0.0182647,-0.000412955,-8.67047e-05,-1.05436e-05,-5.84304e-05,0.000435844,7.37718e-05,8.88117e-05,0.00022767,0.000135738,-0.000364576,0.000282649
XIP,-0.00191695,-0.000894698,0.000251727,-0.296253,-0.235024,-0.046146,0.0307515,-0.0155842,-0.00353476,0.005476,0.0113699,0.0127031,0.0135903,-0.00167458,-0.000772221,0.000672758,-0.000104602,0.0207462,-0.0454096,0.00214464,-0.00319283,-0.00152752,0.0309564,-0.00257635,-0.00967309,0.0411598,0.0285577,-0.0122684,0.0129358,0.00541594,0.00095524,0.00342243,-0.00637341,-0.00871291,-0.000285985,0.00270939,-0.00165339,0.00371346,0.00520206,-0.00332741,-0.00062286,0.00167683,-0.00128623,-0.000228407,-0.000171905,-0.000169914,0.00244319,-0.00112396,-4.69036e-05,-0.00391871,-0.00107299,0.000741873,0.00170959,-0.0175602,-0.00220701,0.00167138,-0.000368002,0.000133515,0.000504539,0.000191154,-0.00158833,-0.000817688,0.000347581,-0.000103923,5.2073e-06,-0.0119513,-0.000426666,-0.000673816,-0.000165434,-9.94464e-05,0.00244246,0.325533,0.0234861,0.0218627,0.0105264,-0.037566,0.00371346,0.00144096,0.282323,0.00837611,-0.000494499,0.000193846,-2.09689e-05,0.0205888,0.00398269,-0.00850775,0.00921005,-0.00191755
THU,0.00118812,-0.00913611,0.000201101,-0.109754,-0.135503,-0.0311961,-0.0299771,0.029729,-0.0104572,-0.000672812,0.00100337,0.0074145,0.00981846,0.00369153,0.0168192,-0.00755777,-0.00345348,0.00856232,0.00467426,0.011561,0.0047179,-0.000573284,-0.0902984,-0.0101319,-0.00057555,0.0270984,-0.000142115,0.000601294,0.00340467,0.00387972,0.00239537,0.00359171,0.00611615,-0.0287942,8.68446e-05,0.000516699,-0.001634,0.00192697,0.00024353,-0.00136541,-0.00138788,0.00011138,-9.57326e-05,-5.9462e-06,0.000600059,-0.000419585,-0.00164148,0.00145414,-7.4898e-06,-0.0015915,0.00120535,0.000481117,-0.000764347,-0.0119076,-0.00140885,-0.00174993,0.000334848,-0.000165663,0.000883787,-6.98583e-05,0.00105965,0.00109736,0.000606628,-5.1177e-06,0.000486521,-0.00545797,0.00528819,0.000454493,0.000125286,-0.000313336,-0.00296835,-0.054187,-0.054559,-0.0664674,-0.0302977,-0.0239069,0.00192697,-0.000560219,0.153318,-0.0303318,-0.000825629,-0.00058103,-0.000826863,0.0080548,0.00105672,0.0100069,0.0034273,-0.000860705
LPL,-0.00507229,-0.00528625,5.86046e-05,-0.0332087,-0.0843072,-0.440491,-0.345707,0.131484,0.0382524,-0.000135638,-0.0727637,-0.154101,-0.196993,0.0178308,0.00700258,0.0235013,0.0169558,-0.236406,-0.00530028,-0.0373135,0.0232596,0.0221907,-0.0356066,0.00352843,0.106009,-0.495472,-0.26781,0.0739177,-0.177958,-0.0668798,-0.00350154,-0.0329185,0.0131372,0.050673,0.00681909,-0.00461075,0.0169795,-0.00783987,-0.0519259,0.046935,0.0113234,-0.0160024,0.0106824,0.00306859,0.000506088,0.00223332,-0.0159635,0.00560999,2.48134e-05,0.0432054,0.0076108,-0.0142366,-0.0122856,0.212746,0.0300832,-0.00746041,0.00268774,-0.00104537,-0.00858056,-0.00209523,0.00978561,0.00237382,-0.00558709,0.00023043,-0.00276529,0.021237,-0.00773938,0.00345365,0.00130438,0.00184395,-0.0207097,-0.0229734,-0.100773,-0.027815,-0.107623,0.451934,-0.00783987,-0.0177204,0.0751488,-0.0823103,0.00289498,0.00571295,-0.00303502,-0.101169,-0.0381457,0.0239939,-0.052079,0.0076411
MPL,-0.000604995,-0.00724857,-0.00195744,0.0123348,-0.00150589,-0.00717946,-0.116249,-0.44966,0.00385024,-0.00216294,-0.015018,-0.0214693,-0.0285903,0.00708378,0.00870326,3.25614e-05,-0.000100408,-0.0359666,0.00274915,-0.00153147,0.0047864,-0.0252281,-0.0396749,0.00998431,0.0133387,0.00841195,0.02063,-0.000760308,-0.00685319,0.00232746,-0.00366898,-0.0170182,-0.0417934,-0.00307946,0.000174483,-0.00366374,0.00870965,-0.00406662,-0.0061299,0.00840784,0.000184299,-0.00352381,-0.00266285,0.000467394,0.000583069,-0.000612157,0.00463173,-0.00274608,0.000320874,0.00541347,-0.0018784,0.00346023,-0.00833335,-0.00290626,0.000557173,0.0136378,-0.00157017,0.000449337,-0.000284362,0.000940262,0.000130895,-0.0064049,-9.08373e-05,0.000237323,0.000208653,-0.000321078,-0.00433138,0.00100022,-0.000601107,5.76441e-05,0.0350636,0.00215934,0.183999,-0.0276072,0.649424,-0.0109409,-0.00406662,0.00241636,0.00285263,0.624511,-0.00419772,0.00222405,-0.00276807,-0.0126731,-0.00339903,0.0255362,-0.00784677,-0.0017367
SPL,-0.00353092,-0.00910703,0.0014198,-0.00328688,-0.002434,-0.0154484,0.18782,-0.141964,-0.00615255,0.000661158,-0.00830201,-0.00410204,-0.00451667,-0.0130804,-0.0141841,-0.00410458,-0.00544098,-0.0040932,-0.00136855,0.00677533,-0.00149733,-0.0035258,0.0748918,-0.00454553,-0.0483608,0.011156,-0.0342002,-0.0118656,0.00597815,-0.000704027,0.00647706,-0.00300147,-0.00681022,-0.0106229,0.00190163,0.00446702,0.00235877,0.00266131,0.0255593,0.00126479,0.00780254,0.0077389,-0.00731182,-0.00137003,-0.00673785,0.00248958,0.00629877,-0.00463567,0.000846726,0.00384126,-0.00331334,-0.00341025,0.00690381,-0.00714369,0.000444727,-0.0211265,0.00395409,-0.00149149,-0.00396908,-0.00351083,0.00326658,0.00875848,-0.00275379,-0.000299974,-0.00378752,-0.00065987,0.00648048,-0.00574952,0.00151194,0.00206925,0.0107821,-0.00116446,0.0847227,0.0564852,0.134358,0.0437622,0.00266131,0.00188666,0.00216011,0.128674,0.000297331,0.0107782,0.00203105,0.00285331,-0.00391883,0.0487773,0.00207002,0.00193075
HAK0,-0.00010567,-3.81031e-05,4.86913e-05,1.26469e-05,-2.84324e-05,-2.16826e-05,-0.000663009,0.000414185,-0.00293988,-0.00366905,0.000447457,-6.0751e-06,0.00203191,6.13646e-05,0.000113598,1.366e-06,7.0182e-06,-0.00014323,0.000103123,0.00019982,-0.000413516,-0.000525152,-0.000132069,-0.000137105,-1.7134e-05,0.000141624,-0.0002879,-0.000180924,0.000176401,-1.68177e-05,0.000134402,-3.86196e-05,-0.000234986,6.6183e-06,8.13492e-05,0.000210101,-0.000301673,9.22624e-05,-0.00022935,-0.000179072,6.97974e-05,7.49868e-05,7.06981e-05,1.75966e-05,-3.7973e-06,5.10037e-05,1.89184e-05,-3.08255e-05,3.34201e-05,9.35241e-05,0.000124037,0.000123545,-0.00555351,8.68914e-05,5.23874e-05,2.54159e-05,0.00050541,-0.000277653,7.3659e-06,-0.000255012,0.00324588,0.000207005,-5.66725e-05,-2.8076e-05,-4.89332e-05,1.7671e-06,-0.000210016,-2.22686e-05,0.000204912,6.41274e-05,-0.000174779,-7.84595e-05,-0.000270811,-0.000157283,-0.000494332,-2.91859e-05,9.22624e-05,-0.000310197,-7.6967e-06,-0.000476398,-0.000105453,-0.000181343,-0.000119302,8.13749e-05,-2.17893e-05,-9.70876e-05,3.56926e-05,-0.000138565
HAK1,-0.000253156,-0.000351381,6.19387e-05,3.02274e-05,-0.000247524,1.16805e-05,-0.001118,0.00233806,-0.0042782,-0.00896293,-0.00157492,-0.00130279,0.00120329,3.498e-05,-0.000690963,-1.63928e-05,-0.000618611,3.72668e-05,-0.000438656,2.19802e-05,-0.00439434,-0.00067394,-0.00178327,-0.000660503,-0.00134901,0.000838103,-0.00134353,0.000703052,0.000566484,-0.00202184,0.000807136,-4.60815e-05,-0.000622625,-0.000475353,-0.00126693,0.00036204,-0.000519711,-0.000170778,0.00020598,-0.000709919,0.000365272,0.000336094,-2.48685e-05,7.90078e-05,-0.000103652,0.000292001,0.000528171,-0.000377859,1.54696e-05,0.000265953,-0.000176649,0.000282758,-0.0107264,0.000775863,0.000497853,0.00221802,0.000979604,-0.000575672,-6.57621e-05,-0.000533233,0.00549398,-0.000738996,-0.000240322,-0.000126068,-0.000185751,0.00260737,0.000202096,-0.00014103,0.00041083,0.000213132,-0.000394977,-3.10057e-05,-0.00119992,-0.00148141,-0.00082088,-0.000190847,-0.000170778,5.17309e-05,-3.04918e-05,-0.00078929,0.00010809,-0.000361589,0.000366257,2.03765e-05,0.000636595,0.000299439,0.000880448,0.000256581
HAK2,0.011511,-0.000602153,0.000162654,0.0112243,-0.00358759,-0.0181233,0.00259096,-0.00297941,-0.160185,-0.0387909,-0.0354661,-0.0456633,-0.0520429,-0.00182951,-0.0044362,-0.000922706,-0.00190281,-0.0697775,0.000393588,0.000914012,0.00299247,-0.0128999,0.000531112,0.000782223,-0.00530881,0.0167164,0.0056295,0.0278312,0.0179459,-0.000892566,-0.00237282,-0.000722821,-0.00113893,0.0111972,-0.00889347,-0.000224465,0.000677162,-0.00103744,-0.0144442,0.00136143,-0.0002476,0.000653179,-9.85993e-05,-0.000152809,0.000139802,-0.000174503,0.00144391,-0.000795303,0.000663835,0.0149284,0.000555767,0.00424819,1.9958e-05,-0.00631512,0.00315983,-0.00320196,0.000581324,-0.000257608,0.000371427,-0.000269404,0.00110243,0.00163974,-0.0004363,1.05989e-05,0.000126663,0.010623,-0.0022163,0.000499034,0.000277697,4.70155e-05,-0.00501911,0.00207235,0.000491316,0.000186722,-0.00285716,-0.0147683,-0.00103744,-0.00901405,0.000983425,-0.0034364,-0.00367191,-0.00518017,-0.00508252,-0.0218573,0.0233176,0.0127152,-0.00903079,-0.00364694
HAK3,0.0162532,0.000581166,-0.00337142,0.0131359,-0.00351666,-0.0266181,0.00609839,-0.0039387,0.011641,0.00125255,-0.0410869,-0.10077,-0.128866,0.00407624,0.00178104,-0.000549696,-0.0174165,-0.105254,-0.0258308,-0.00690261,0.00135285,-0.00134089,-0.0022235,-0.00317732,-0.000854959,0.0240797,0.0139002,0.0414998,0.0209588,-0.000609507,-0.00308813,0.00165949,0.00450684,0.0162865,-0.00675751,0.000411141,0.000161596,-0.00879241,-0.0174343,-0.0327544,-0.00178446,0.0027493,-0.000733357,-0.000641747,0.00080939,-0.000693695,0.000677735,0.000614876,-0.00614892,0.0184,-0.012209,0.00321177,-0.00049956,-0.00939443,0.00322988,-0.00553343,0.00107227,-0.000475439,0.0012242,-0.000366125,0.00221718,0.0030345,0.000286012,6.19715e-05,0.000776331,-0.000775739,-0.00230631,0.000789712,0.000493353,-0.000362301,0.0106404,0.0242329,-0.000342603,-0.000815505,-0.00250647,-0.02171,-0.00879241,0.0669526,-0.000132673,-0.00342134,0.0368711,-0.0250779,0.0502316,-0.0383514,0.0321882,0.0178765,-0.0223112,0.0419189
HAK4,0.0010773,7.14714e-05,-0.00023322,0.000786159,-0.000192777,-0.00169302,0.000377209,-0.000233196,-0.0151151,-0.00287778,-0.00311429,-0.00790394,-0.00993204,0.00104275,0.000466675,0.000774837,-0.000950041,-0.00669828,-0.00241068,-0.00185233,0.00023014,-0.000149866,-0.000192529,-0.00013259,-6.88063e-05,0.00146562,0.000854913,0.00259056,0.0015665,0.000133618,-0.000285977,0.000232326,0.000362108,0.001165,0.000297819,-7.18606e-05,-2.01269e-05,0.000256394,-0.001789,-0.00266503,-0.000193478,0.000229185,-0.000147615,-7.17165e-05,4.50168e-05,-7.1146e-05,4.86316e-05,8.43867e-05,-0.000648177,0.000963723,-0.00118004,0.000187271,6.86787e-05,-0.000627658,-3.27474e-05,-0.000363631,7.04276e-05,-2.97847e-05,0.000118127,-2.24693e-05,8.57315e-05,0.000201003,7.4955e-05,2.05447e-05,8.49834e-05,-0.000442602,-0.000351179,4.27824e-05,3.0093e-05,-4.14842e-05,0.00112678,0.0020677,-8.80892e-05,-7.58745e-05,-0.000167288,-0.001364,0.000256394,0.00620499,-3.74595e-05,-0.000225179,0.00362885,-0.00215497,0.00489402,-0.00335004,0.00212316,0.00115704,-0.00212003,0.0040985
MUL0,-0.000124622,-4.86672e-05,0.000212384,-0.000106385,6.26806e-05,-1.33648e-05,-0.000175414,-0.00045455,-0.0016606,-0.00103086,-0.00130178,-0.000180736,0.000247666,-0.00221109,-0.00143144,-0.00167495,-0.00119048,3.64765e-05,-0.000192041,0.00225914,-0.000282157,-0.000222057,0.00135472,-0.000403822,-5.18503e-05,-4.21016e-05,-0.000150612,-0.000125801,-0.000382018,-8.85422e-05,-0.000638651,-0.000491354,-8.69567e-05,-4.31388e-05,-8.3238e-05,0.000121658,0.000176784,-2.34501e-05,-3.53474e-05,9.3621e-06,-0.00039269,5.21299e-05,0.000398221,0.000590816,-0.00233467,0.00148591,0.00028425,-5.67831e-05,0.000535083,0.00106343,-0.000371271,-0.00417941,0.000110307,-3.497e-06,1.62547e-05,-0.00025492,-5.2798e-05,3.3867e-05,0.000129013,9.15783e-05,2.86674e-05,0.000193304,0.000218694,-0.000488866,-7.09203e-05,0.000741509,0.00102151,0.000248431,-1.75737e-05,-0.000106459,-0.000317467,-5.82891e-05,0.000862366,0.00097326,-0.000132793,-6.0602e-05,-2.34501e-05,-0.000132653,-3.50782e-05,-0.000128261,-0.000252511,2.972e-06,-0.000123309,0.00146399,-0.000238777,-9.76005e-05,0.00121209,-0.000195562
MUL1,-0.000308055,-0.000199708,-0.000710322,-0.000365219,0.000328121,-0.000111904,-0.00126668,-0.00267362,0.000572967,-0.0081107,-0.00758535,-0.00275798,0.000480613,-0.00673582,-0.0123577,-0.0030815,-0.00360536,0.000666333,-0.00304325,0.00122089,-0.00138798,-0.000566337,0.0138096,-0.00306087,-0.000134935,-9.63464e-05,-0.00102125,-0.000163537,-0.00174747,0.000243379,-0.00180796,-0.0015954,-0.00113814,-0.000428158,-0.000114014,-0.00127969,0.000835822,-0.00325646,-0.000202407,-0.000624304,-0.00133534,-0.00158772,-0.0061147,0.000982645,-0.00493819,-0.00722577,-0.00911389,0.0073077,0.00194018,0.00308174,0.00590064,-0.00109539,0.000509593,-5.78217e-05,-0.000520112,0.000216742,-1.64746e-05,3.26813e-05,0.000902396,0.000229393,-0.000377686,0.00014886,0.000827866,-0.000516865,0.000390012,0.0138374,0.00580229,0.00166921,3.65802e-05,-0.000316938,-0.00124747,-0.000803674,0.00806708,0.00993098,-0.000962961,-0.000334518,-0.00325646,-0.000857709,-0.000107444,-0.000930669,-0.00118635,-0.000441761,-0.000786814,0.000988736,-0.000865482,9.73163e-05,0.0055527,-0.00107872
MUL2,-0.000238724,0.000465115,0.000149972,0.000236594,0.000233484,0.000133879,-0.00173221,0.0012264,-0.0155908,0.0018701,-0.00248133,-0.00551357,-0.00927884,-0.00666888,0.004049,-0.0762755,-0.0228322,-0.00224102,-0.0125246,0.0199744,-0.000895542,-0.000433864,6.88196e-05,-0.0027041,0.00117192,0.000191227,0.000911282,-0.00255969,0.00355539,0.000142479,-0.000985671,0.000193901,0.00204438,0.00063689,-2.39963e-05,-0.115229,0.00070797,0.00549029,-0.00664311,-0.0089328,0.0035985,0.00104965,-0.00215425,-0.00559688,-0.00929911,0.00180793,0.0310451,-0.0139914,-0.00233855,0.00207141,-0.0184517,0.00667415,0.000136688,0.000184352,0.000379892,1.37541e-05,0.000143736,5.63193e-05,-0.00177779,-0.000315456,-9.31183e-05,-0.000289967,-0.000112368,0.00435909,0.00234038,-0.0121908,0.000332828,0.00218794,0.000128152,0.00121743,-0.000436669,-0.00100755,-0.000413136,0.00035085,-0.0012414,0.000104643,0.00549029,-0.000259615,1.39037e-05,-0.00118922,0.00514852,-0.00734683,-0.00126262,0.0121492,0.000165561,-0.000824729,0.00349721,0.0408232
MUL3,-0.000242789,-7.58328e-05,-0.0013602,0.000402538,-3.49071e-05,0.000605846,-0.000928485,0.000610825,-0.00567062,-0.000552173,-0.00242331,-0.0150883,-0.0203458,-0.00309517,0.000458546,-0.0117338,-0.0184718,0.00178457,-0.0156333,0.00815561,2.65091e-05,-0.00140616,-0.000150548,-0.000443487,0.000250659,-6.51559e-05,-3.22463e-05,-0.000532906,0.000242697,-0.00128132,-0.00133742,-0.000155164,-0.000123767,-0.000637043,-0.0039608,-0.00129223,0.000564983,0.0015946,-0.0111674,-0.0192562,0.00050218,0.000187495,-0.00435549,-0.000301107,-0.00374074,-0.000336146,-0.00193413,0.00201159,-0.0027869,0.000902224,-0.00560617,0.00140919,0.000361563,0.000432149,0.00179963,0.000145433,-0.000124949,7.85325e-05,-0.0002172,0.000101293,-0.000259124,-6.90002e-05,6.5485e-06,0.000212907,-7.5595e-05,-0.00394108,-0.00024982,0.000252435,-1.13886e-05,0.000181329,0.016724,-0.00160604,-0.000362678,-0.000221759,-0.000524935,0.000437679,0.0015946,-0.000542606,8.40098e-05,-0.00048203,0.0630261,-0.0150393,0.0171128,0.00583431,-0.000183278,-0.000189369,0.00223185,0.038543
TRA,-0.121074,-0.00884127,0.00312234,-0.126114,0.0360293,0.195705,-0.0497547,0.0363054,-0.0681371,0.00279584,0.293289,0.487066,0.628185,-0.00871758,0.0173663,-0.0103491,-0.00864174,-0.240759,0.0138942,0.0278702,-0.0211674,0.0094805,-0.00105403,0.0108662,0.0109334,-0.168566,-0.0944547,-0.291562,-0.172237,-0.0177963,0.00585545,-0.00352483,-0.0402656,-0.134109,-0.0140437,0.0120881,0.00404039,0.00356843,-0.000829896,-0.145105,0.0233488,0.00164971,0.00272986,0.00195591,-0.00773881,0.00373838,-0.00115485,-0.00593951,0.00130109,-0.138737,-0.00218957,-0.0119813,0.00862765,0.0722343,0.00777264,0.0403879,-0.00987979,0.00443769,-0.0155087,0.00346386,-0.0190197,-0.0231592,-0.00866913,-0.00205198,-0.0109369,-0.0432135,0.0319721,-0.0132614,-0.00408682,0.00441354,0.0181198,-0.0263385,-0.00553175,-0.00951338,0.0148043,0.158199,0.00356843,0.0472665,-0.013879,0.0216683,-0.00204962,-0.0807569,0.00926495,0.261798,-0.237428,-0.130048,0.13697,-0.0230526
PAG,-4.99265e-05,0.00409453,0.000460249,-0.0215485,-0.00179896,-0.000165586,0.00118785,-0.000176819,0.000152721,-0.00102548,0.00036881,-0.00908746,-0.0127027,0.000379194,2.11542e-05,-0.00432351,-0.00803845,0.00110218,-0.023955,-0.000687527,-0.00137623,0.00456119,-0.000277386,0.000529301,0.00145269,0.000294449,0.00153455,-0.000294565,0.000965779,-0.00010133,-0.0114185,-0.0160188,0.000459534,-0.000335406,-0.00095918,-0.000531346,0.00893018,0.00192522,-0.00828078,-0.0110434,0.00108946,0.000124457,0.00127557,-0.00177468,-0.00484962,0.00368038,-0.0192614,0.0109473,-0.000222034,0.00264839,0.00538189,-3.3692e-06,-0.00121583,-1.73943e-05,0.000366342,-4.29693e-05,6.77021e-05,-4.79247e-05,-0.000551854,-0.000197836,0.000730189,-0.000135655,-1.54032e-05,0.00141539,0.000210776,3.94306e-05,-0.00107899,-0.00018651,7.887e-07,0.000321815,-0.00046553,0.0787949,-5.78331e-05,0.00309243,0.000831882,-0.000183928,0.00192522,0.0077346,0.00229558,0.000794035,0.00509715,-0.00932539,0.00672491,-0.000468838,0.000111003,6.22296e-05,-0.00039216,0.0317079
DFS,-0.00281233,0.00161306,0.00414248,-0.0082026,0.00476401,0.00400559,0.000516481,-0.00172952,-0.649879,-0.128885,-0.232367,0.0316287,0.0626938,-0.372456,-0.0378843,-0.550294,-0.352828,-1.4183e-06,0.0127506,-0.161898,-0.0378527,0.00867977,0.00929021,0.00587224,0.00513201,-0.00388541,-0.000514251,0.000941782,-0.000424806,0.000746058,-0.0338597,-0.0582757,0.00816011,0.00364971,-0.00804882,0.0925143,0.0292394,0.0409801,0.00428646,0.0104853,-0.00132965,-0.00291251,0.00121203,0.0034978,0.00741289,0.000648703,-0.018089,0.00720666,-0.00122533,-0.00676979,0.0111876,-0.00352154,-0.0100602,0.00150069,-0.00194924,0.000938231,0.00113018,-0.000675703,0.000585311,-0.000754329,0.00554997,-0.000248989,-6.56409e-05,-0.00232948,-0.00214665,-0.122313,-0.000448776,-0.00462386,0.000431285,-0.000594667,-0.00941824,0.0340008,0.0052325,0.0085467,0.00143416,0.00146445,0.0409801,0.0347224,-0.00165815,0.00153173,-0.0233868,0.0123397,0.00306336,0.539585,0.000280224,0.00136399,0.289766,-0.029013
DFH,0.0445174,0.0198818,-0.0091965,-0.00472976,0.00913913,-0.0105481,-0.0325647,-0.0385811,-0.0622903,-0.00421341,-0.0119984,0.0498351,0.038956,-0.0352661,-0.0700666,-0.0514171,-0.0113754,0.0214742,0.0154273,0.0127907,-0.259891,-0.091813,0.302257,0.028796,-0.00269788,0.0131431,-0.0297942,-0.0189941,-0.0506361,0.00544605,-0.113825,-0.0401609,0.0377939,0.0125126,-0.0104061,-0.0827953,-0.00699559,-0.0404948,-0.0102484,-0.00866051,-0.0498136,-0.00163373,0.00145101,-0.0104883,0.0187033,-0.042384,-0.0205135,0.0309104,0.00065305,-0.00357304,0.0224122,0.0527277,-0.119556,-0.00534134,0.0065645,0.0131907,0.0135103,-0.00923042,0.0318013,-0.00120705,0.0652226,0.00545215,0.0205279,0.00918602,0.0274627,-0.0189803,0.0153807,0.010265,0.00506616,-0.0106011,-0.0057163,0.00231798,0.15787,0.232329,-0.026774,0.0228577,-0.0404948,-0.0494757,-0.00284634,-0.0261584,-0.00565243,-0.00911313,-0.00258104,0.0154016,-0.0328091,-0.0021364,0.00415383,-0.0184846
DSM,-0.000241189,0.0233875,-0.00689268,-0.0180468,0.00426594,-0.00422735,0.0858066,-0.0353196,-0.0534311,-0.105713,0.0540253,-0.0623104,-0.064856,-0.033624,-0.0459118,-0.0374512,-0.00709774,-0.00876782,-0.0369532,0.00444166,-0.0244809,-0.163996,0.0110378,-0.0398311,-0.0115372,0.00916515,-0.0172701,0.0038649,-0.0427563,-0.00317389,-0.0311684,0.0547298,0.0717393,-0.00638139,0.000373274,-0.0534865,-0.0391925,-0.00160675,-0.0324582,-0.0455037,-0.0385994,0.00226732,-1.74364e-05,0.000521964,0.017677,-0.00920403,0.0122267,0.00531878,-0.0104771,-0.00555575,-0.0134689,-0.117969,-0.102232,-0.000234468,0.00419896,0.0237713,0.00937777,-0.00673367,0.0254081,-6.57674e-05,0.0514196,-0.00195724,0.0239534,-0.000533734,0.0172936,0.0309142,0.0640367,0.0128514,0.00365517,-0.00868616,0.215975,0.0960954,0.0365545,0.023074,0.0621265,-0.00460573,-0.00160675,0.482463,-0.00370632,0.0596088,0.0826035,-0.0375286,0.047219,-9.76929e-05,-0.0168126,-0.00331119,0.0153406,0.0531707
DSP,-0.00792655,0.0131044,8.0854e-05,-0.00392229,0.0178627,-0.00677104,-0.0335471,-0.163116,0.0692947,0.0158726,0.0278956,-0.00500961,-0.00754203,-0.0531761,-0.160252,0.0553674,0.029473,0.0027134,-0.0338068,-0.0832236,-0.0537839,-0.00381168,-0.129869,-0.0310913,0.0252442,0.00671385,-0.0418133,-0.00842305,-0.00953133,-0.003657,0.00985257,0.00945985,-0.00834865,-0.000451786,0.000897097,-0.00129394,-0.00262861,0.00432389,-0.0134851,-0.00333507,0.00298621,-0.00413659,0.00369225,0.00156013,0.00202692,0.00404662,0.00268617,-0.00259333,-0.00135706,-0.00204799,-0.00325323,-0.000978535,0.0106448,-0.000895572,-0.000459118,0.00345441,-0.00191056,0.00109425,-0.00236241,0.000771826,-0.0074248,-0.00251315,-0.00158287,-0.000563155,-0.00134957,0.0103812,-0.00294965,0.000576899,-0.000714136,0.000505617,0.00986211,0.00584347,0.454699,0.644724,-0.0265046,-0.0187397,0.00432389,-0.00407085,-0.000966122,-0.0257559,0.00247688,-0.00758018,0.00407207,-0.0528109,-0.00888028,0.030425,-0.0291929,0.00134601
DSR,0.00617842,-0.00187259,-0.0174475,-0.0337197,0.0106951,-0.00260615,-0.00727774,0.00443595,0.00353372,0.00205041,0.00331591,-0.00825161,-0.00487653,0.000597522,0.00397828,-0.00562237,-0.000321919,0.0011819,-0.0196916,-0.00479383,-0.0247858,-0.012587,-0.00864534,-0.0275726,-0.000980659,0.00291275,0.00142897,-0.00594321,0.00279229,-0.00537544,-0.00583096,-0.00388535,-0.00542194,0.0005508,-0.00078331,-0.0166496,0.00377149,-0.175061,-0.000234225,-0.00153511,0.001681,-0.00570909,0.00448995,-0.000369862,-0.00401601,-0.0101129,-0.00509523,-0.0207954,0.0084827,0.00202406,0.00349114,0.00357573,-0.000112259,0.000914924,5.20614e-05,2.493e-06,0.000459479,-0.000113485,-0.00082136,-0.000285825,4.16362e-05,-0.000100335,-0.000715221,0.00128424,0.00064876,-0.0162754,0.0254532,0.00642578,0.000231698,0.000642074,0.0950764,0.165413,0.0385148,0.0139096,-0.00604905,-0.00275181,-0.175061,0.0600099,-0.0110485,-0.00591841,-0.000640894,-0.00108077,0.00228483,-0.00331899,-0.00228318,0.0283895,-0.0055985,-0.00213654
MSC,-0.036375,0.102304,-0.0247214,0.0328461,0.0310701,0.0539654,0.0556984,0.0672708,0.102743,0.0116145,0.0968526,0.0045588,0.00989893,0.0771363,-0.0190172,0.137125,0.101285,-0.000105385,-0.0142108,-0.19051,-0.0308464,-0.0201373,-0.011566,0.000374471,-0.31394,-0.0600155,0.500857,-0.0631668,-0.0971447,-0.0155037,-0.0894717,0.0022378,-0.0519217,0.136045,-0.0165548,-0.0184429,-0.00346456,-0.0310552,-0.363271,-0.013328,-0.0849583,-0.113586,0.0555672,0.023574,0.0861186,-0.0210138,-0.0771337,0.053269,-0.00947967,-0.0183858,0.0546398,0.0470638,-0.0452253,0.0232361,-0.00381716,-0.055911,0.0159543,-0.00707397,0.0431965,0.00154106,0.0458755,0.0417895,0.0300808,0.00136493,0.0413539,0.0476226,-0.0204123,0.0713094,0.00783635,-0.0218401,-0.0321525,0.0036167,0.00286828,-0.0196071,0.0552426,0.0470445,-0.0310552,-0.0211456,0.0349845,0.0551942,-0.0164189,-0.150822,-0.0320651,-0.121157,-0.0774755,-0.0365032,-0.0608621,-0.0321489
MSG,0.00455816,-0.00430411,-0.00117306,-0.00666757,-0.00926414,0.0672436,-0.0470925,0.000687248,0.00232384,0.00449421,-0.0109143,-0.0228596,-0.0266412,0.00219052,-0.000127901,0.00765578,0.00318341,-0.0328175,0.000732187,-0.00767313,-0.0157052,0.0046021,-0.00973727,-0.00166609,0.0104237,-0.175084,-0.0345581,0.000113564,-0.0261269,0.101622,0.00119357,-0.00464035,0.000864599,0.00476032,-0.00487243,0.00372113,0.00257369,0.000733538,-0.00859914,-5.67054e-05,-0.00186117,-0.0068907,0.00068207,0.00188382,0.00370691,4.89061e-05,-0.00136156,-0.000376073,-0.000720681,0.00702236,0.00191936,-0.000339338,0.000130852,-0.351743,-0.038974,-0.023789,0.00418997,-0.0021922,0.000973896,-0.00389032,0.0082075,0.0115077,0.00175382,-0.000309627,-0.00159617,0.00277669,0.000223713,0.00317827,0.0011136,-0.000602552,0.00421094,-0.00443939,-0.0161772,-0.00765072,-0.0170206,0.0583723,0.000733538,0.0123109,0.00781476,-0.0138233,0.00221691,-0.0036981,-0.00236009,-0.0157094,-0.0115228,-0.00112011,-0.00820639,-0.00093747
MSP,0.0129059,0.0181445,0.00933413,-0.0226585,0.0116391,0.0603028,-0.0777576,-0.0122204,-0.0363137,-0.0107206,-0.0488334,-0.0251326,-0.0343693,-0.0287072,0.00255438,-0.0472033,-0.0353523,-0.0359501,-0.00542182,0.0651645,0.012618,0.0102786,0.0311532,0.00109614,-0.253919,-0.0484823,-0.2456,0.0348541,0.011413,-0.00417836,0.0343433,-0.00573937,0.0129472,-0.0442633,0.00747554,0.00678994,0.00326351,0.0108952,0.134343,0.0119755,0.0332567,0.042388,-0.0200954,-0.00882811,-0.0329242,0.00822715,0.0296849,-0.0206175,0.00369617,0.0137606,-0.0206507,-0.0192652,0.00574827,0.022275,0.00569603,0.0200293,-0.00427095,0.0017861,-0.0169624,-0.00160548,-0.0103332,-0.0150499,-0.0119908,-0.000495426,-0.0158541,-0.0151701,0.00555336,-0.0270081,-0.00220624,0.00859627,0.00945841,-0.00744701,-0.000349671,0.0252597,-0.0414459,0.0467608,0.0108952,0.0049612,0.00348295,-0.0375852,0.00653081,0.0596928,0.0117698,0.0295131,0.0240688,0.0191668,0.0142781,0.0132536
ENG,0.270412,0.0189346,0.00434754,0.196469,-0.0951965,-0.0550417,-0.00187025,-0.0800345,-0.0646216,-0.0301867,0.0384783,0.059278,0.0663455,0.0105744,0.0267405,-0.0712315,0.000846384,0.0831642,-0.00873735,-0.0117856,-0.0116559,-0.0051023,-0.0296062,-0.0166031,-0.0224528,0.0238061,0.00393009,-0.152624,-0.0153186,0.0202199,0.000750367,0.00679028,0.015832,0.0547568,-0.00438614,-0.172907,-0.00632222,0.0185143,0.00836112,-0.0253312,0.0163171,0.00275669,0.00297219,0.000135759,-0.00517831,0.000699724,0.0503163,-0.0292999,-0.00211883,-0.0089413,-0.0230949,0.00600814,-0.069384,-0.0198862,-0.0416768,-0.110318,0.00711276,-3.27786e-05,-0.00920337,-0.00211939,0.0800512,0.058868,-0.00638425,-0.000702706,-0.00535076,-0.0212023,-0.0153719,-0.00156639,0.00213018,0.00460366,6.48535e-05,0.0890381,-0.0198776,-0.0191198,-0.015855,-0.0491017,0.0185143,0.00340061,0.062163,-0.0173419,-0.000448485,-0.0109738,-0.000947688,0.0235426,0.460891,0.397508,0.00513707,-0.00931109
SAR,0.115487,-0.00240369,-0.0149896,0.0595566,-0.0333199,0.0349903,-0.0244817,0.00337669,0.0261397,0.00327954,0.000513964,0.0048633,-0.00131592,0.0084035,-0.0306757,0.0126658,0.0128226,-0.00719151,-0.00443017,-0.0200246,-0.025971,-0.00953384,-0.0123118,-0.0285262,-0.0165947,-0.04166,-0.0376179,-0.0145503,-0.1283,0.00938569,-0.0438052,-0.0358812,0.0356395,-0.00313055,-0.00905819,-0.00531051,0.0184371,0.000464157,-0.0113977,-0.00199714,-0.114253,0.000442292,-0.00584483,-0.00609192,0.0450038,-0.027039,0.0098287,0.0252429,-0.0063589,-0.00851827,0.00501682,0.0615528,0.0200344,0.00986844,-0.0271706,-0.00194372,0.00271566,-0.00115736,0.073225,0.0121325,-0.0112827,0.0171305,0.0468989,0.00570814,0.052301,0.00303099,-0.0108615,0.0318156,0.00246797,-0.0237838,-0.0206424,0.0195394,-0.0155292,-0.00294892,-0.00883979,0.0273443,0.000464157,-0.00850118,0.0280388,-0.00717674,-0.00986922,-0.00600102,-0.00776142,-0.0140656,0.377429,0.138174,-0.00798867,-0.00340543
EPI,0.0482499,0.0277162,-0.00754415,-0.0199453,0.00993793,-0.021035,-0.0185992,-0.113913,-0.0432963,0.0307662,0.00274602,-0.015067,-0.0161882,-0.0122507,-0.00259328,0.0226356,0.0064224,-0.0041779,-0.0121563,-0.0138918,-0.173177,0.0103074,-0.0562922,-0.0147457,-0.0236685,-0.0819232,-0.0149767,-0.0761412,-0.020609,-0.00937045,0.0109818,-0.00711006,-0.0203071,-0.0098594,0.00859244,0.0307523,0.00823877,0.00918587,-0.00164542,-0.00229436,-0.0351319,-0.00322312,0.00255318,-0.00468836,0.00991321,-0.00321377,0.00695308,-0.00748437,-0.00684694,-0.00110349,-0.00922778,0.00541435,0.0017095,-0.317782,0.0652353,-0.176309,-0.0122366,-0.00166823,0.0132831,-0.00682607,0.062634,0.0846814,0.0140639,0.00465162,-0.00590869,-0.00120353,0.00990364,0.011823,-0.00549191,-0.01744,0.059347,-0.0139462,-0.0330647,-0.0466738,-0.0192398,0.021406,0.00918587,0.129232,-0.0127163,-0.0193079,0.0320386,-0.0016645,0.00414956,-0.0108246,-0.0511585,-0.0288109,-0.00632427,0.00563408
CEBH,-0.00159725,-0.0202311,-0.0278327,0.0125208,-0.00661086,0.000279114,-0.00918208,0.0110008,-0.0112101,0.0102925,0.0137973,-0.0366453,-0.0444573,-0.0160297,0.000871035,-0.0488898,-0.0332165,0.00810995,0.0356557,0.0178694,-0.0152027,-0.00715525,-0.023681,-0.149524,-0.00543317,-0.000286561,0.00228184,0.0107076,-0.016213,-0.0112374,-0.188894,-0.0371514,-0.0901157,-0.0281589,-0.00423462,-0.0722133,0.0204622,-0.170697,-0.0322788,-0.0502383,-0.0395544,-0.0153885,0.00801334,0.00500798,0.0156775,-0.000255913,-0.0391273,0.0350982,-0.000582272,-0.00523652,0.00459126,-0.0904525,0.00757871,0.0021103,0.00155766,0.00356304,-0.000168473,0.000129639,0.0293022,0.00533015,-0.00574232,0.00420734,0.0218784,-0.0011008,0.0193361,-0.0495487,0.0389787,0.0220857,0.000745568,-0.0100991,0.195163,-0.0212197,-0.013402,-0.0335783,-0.00669366,-0.00076487,-0.170697,-0.0051071,0.00418821,-0.00642909,0.124976,-0.0404308,0.0815881,0.0137852,-0.00127027,-0.00385402,-0.00548257,0.0137548
CEBS,0.00183471,-0.0021483,0.00324929,0.00693322,-0.00755726,0.00323184,-0.0189579,-0.00246643,0.0249546,0.0417738,-0.0202671,0.0157821,0.019895,0.0002135,0.00221372,0.0081966,0.010718,-0.00155083,0.0596325,0.0118242,0.00162521,-0.207159,-0.00752765,0.00217171,-0.053826,-0.00428719,-0.0623733,0.00768255,-0.0059104,-0.000984423,0.00413145,-0.294264,-0.020794,-0.00831886,0.0199284,0.0211845,-0.374448,0.00676799,0.0463072,0.0124879,-0.0106248,0.0222876,0.00407905,0.00626524,0.0171231,-0.00553276,-0.0236487,0.00913474,0.00268482,-0.0107337,0.0143127,0.0866259,0.067466,0.000108852,-0.000146044,-0.00266515,-0.0066236,0.00395066,0.00406128,0.00574557,-0.0385649,0.00148323,-0.00546609,-0.00895731,-0.000679987,-0.00893835,0.0161285,0.0253193,-0.00235934,-0.00174234,-0.0551055,-0.0192065,-0.00523112,-0.00992278,-0.0131217,0.00198881,0.00676799,-0.119447,0.0019328,-0.0125012,-0.023466,0.02597,-0.0153167,0.00708103,0.00164533,0.00120462,0.00252576,-0.0199872
CEPH,-0.0295967,0.102942,0.0240073,0.0552779,-0.0171437,-0.00811522,0.0329511,0.0030137,0.0157478,0.00428659,-0.00468027,-0.0180295,-0.0243058,0.0115415,0.0145569,0.012341,0.00416989,-0.0246485,-0.0377479,-0.0135929,-0.0113796,-0.0519111,-0.0688015,-0.248974,0.00457333,0.00931373,0.00881698,-0.0307762,-0.112072,-0.00245344,0.01724,-0.00251403,-0.173091,-0.0138351,0.00240808,0.0166948,0.00317516,0.0445811,-0.000337511,0.00355358,0.0153404,-0.000539839,0.00438564,0.000980384,-0.00332056,0.0142823,-0.106976,0.0581573,-0.00331191,0.010537,0.0494773,-0.00211563,0.00542855,-0.00242658,0.00444021,0.0036702,-0.00142821,0.000687906,-0.00989496,-0.00125013,-0.00444501,-0.00453204,-0.00711699,-0.000819827,-0.00864621,0.0010247,0.0145012,-0.00330933,-0.000698054,0.00314232,-0.0367935,-0.0354408,-0.0364769,0.117618,0.0221501,-0.00647655,0.0445811,-0.0500058,0.020138,0.0210017,0.00541174,0.00183971,0.00617675,-0.0127403,-0.0651986,-0.0452411,-0.000924199,0.00260102
CEPS,-0.0554176,0.213209,0.00078031,0.117712,0.00921631,-0.0102131,0.0280543,0.0192928,0.0864658,0.0418913,0.0329549,-0.00342115,-0.0274147,0.0915077,0.062993,0.0885348,0.0302865,-0.00947863,-0.0552357,-0.0924518,0.0114049,0.026777,-0.127964,0.0965364,-0.053789,0.0156664,-0.145489,-0.17568,-0.00257171,-0.00442372,-0.0845706,-0.033244,-0.078535,-0.218584,-0.0215681,0.0318432,0.00330753,0.00712792,0.0273273,-0.00447038,0.0116546,0.0113532,-0.00779335,-0.00274266,-0.0113398,8.9643e-05,0.0169949,-0.0130716,-0.000130521,0.00743849,-0.0128953,0.00270893,0.0166295,-0.00284577,0.00666672,0.0283568,-0.00266431,0.000534549,-0.00681839,-0.000564787,-0.0198214,-0.0170321,-0.00481218,0.000159247,-0.00562436,0.027308,-0.15912,-0.00961863,-0.00121822,0.00278734,-0.00540398,0.0651615,-0.0884544,-0.110121,0.0179895,-0.00610992,0.00712792,0.0170178,0.0572073,0.0169194,0.0216596,0.0067157,0.0128746,-0.054137,-0.0970358,-0.0874939,-0.039678,0.0136219
DNS,0.00575056,-0.00517074,-0.00674155,0.00317854,0.00556347,-0.0180864,0.00197516,-0.0101099,-0.0287594,0.0289146,0.121641,0.118885,-0.0348525,-0.0148192,-0.0174438,-0.0206699,0.129968,-0.0279094,0.00972579,0.0104188,-0.030492,-0.00838588,-0.0123826,-0.00402073,-0.0119618,-0.0430999,-0.00399054,-0.00894633,-0.0244291,0.15826,-0.018295,-0.000779302,-0.0068942,0.0351805,-0.350435,-0.0218782,0.00598695,-0.0321623,-0.0389642,0.000771871,-0.0285859,0.0122708,-0.0106991,-0.0156786,-0.00840006,-0.0020721,0.00143046,0.0115049,0.000765849,-0.116009,0.000421408,-0.0663512,0.00353259,-0.0305439,-0.224293,-0.0141667,0.00953033,-0.00341623,0.0107207,-0.00863973,0.00248221,0.00566614,0.0292962,0.0108247,0.0142382,-0.000776575,0.00367213,0.00119551,0.00113615,-0.00630328,0.00244573,0.00328195,-0.00560612,-0.0108429,-0.0033013,-0.00808158,-0.0321623,0.0234147,-0.00075153,-0.00386229,0.0172907,0.0134575,0.0119333,-0.0020544,-0.0156954,-0.00814936,-0.00102331,0.0167027
DNH,0.000880345,-0.00416287,-0.003558,-0.00181638,-0.0005786,0.00186675,0.0113132,-0.00976308,0.00121379,-0.0500691,-0.0368284,-0.0059578,0.0132327,-0.028495,-0.0560279,0.430839,0.0315739,0.0250458,-0.0149256,0.00514032,0.000671964,-0.00142855,0.00257996,0.0155239,-0.00804378,-0.00339149,-0.00797009,0.0173612,-0.0276339,-0.00264751,-0.00135919,-0.0131042,-0.0168476,-0.00619215,-0.00166712,-0.0869925,0.00076916,-0.0346595,-0.0151775,-0.0143464,-0.0258305,-0.0215073,0.0169499,0.00951459,0.0154803,0.0114156,-0.247875,0.128776,0.0118959,0.0049288,0.120602,-0.0434151,-0.000497699,0.000259683,-0.000524902,0.000194457,-0.00141704,-0.000200958,0.0156102,0.00232364,0.000297949,0.00169472,0.011189,-0.00383452,-0.00425411,0.0867146,0.00912574,-0.00877497,-0.00115298,-0.007083,1.6351e-06,0.00105863,0.00640409,-0.00120429,0.00882863,0.0011053,-0.0346595,-0.0011844,-0.000596724,0.00856448,0.000685052,-0.0141012,-0.00387584,0.0113211,-0.00268172,0.00549238,0.0355785,0.0164672
DRS,-0.00504115,0.000252936,-0.00817844,0.00211239,-0.00191636,0.000133752,-0.0132857,0.0121992,-0.0125292,-0.0307614,-0.018974,-0.0132159,-0.00484082,0.000646426,-0.00148477,-0.0084061,-0.026822,0.00126985,-0.0105124,-0.0109475,-0.00382708,-0.0502848,-0.00682231,-0.00690357,-0.0162038,0.00417721,-0.0208538,-0.000309537,-0.00666856,-0.0098738,-0.0147163,0.126016,-0.0119869,0.00658123,-0.0757744,-0.0146041,-0.235544,0.000581551,-0.0246281,0.000548822,-0.0127544,-0.0593495,-0.00185448,-0.00557546,-0.0215438,0.0122393,-0.0150373,0.0210306,0.000623222,0.0284452,0.00803404,-0.0740614,-0.0564606,0.00239689,0.0140758,0.00907861,0.00410934,-0.00262207,0.0152375,-0.0021273,0.0299008,-0.00252355,0.016293,0.0150678,0.0149548,-0.0178375,-0.00228405,-0.0387644,0.00205153,-0.00219139,-0.021155,-0.00929052,-0.00745496,-0.00806154,-0.0097562,-0.000212521,0.000581551,-0.0335307,0.000102767,-0.00938095,-0.00668844,-0.0133312,0.000909752,-0.00658758,-0.00311239,-0.00229227,-0.010165,0.0135074
DRH,-0.00149917,-0.000429238,0.0857953,-0.00485794,-0.0011697,-0.00159794,-0.00392596,0.00124785,0.00999626,-0.0354352,-0.0340541,0.00317994,-0.00721481,-0.0156764,-0.0422662,-0.00903436,-0.0144024,-1.31616e-05,-0.00325619,-0.00318476,-0.00241249,-0.00492162,-0.004561,0.0517371,-0.00387591,0.000638299,-0.0015936,0.00117493,-0.0106037,-0.00137419,0.00714766,-0.00769978,-0.00544281,-0.00328006,0.00079011,-0.0138426,-0.000120013,-0.0419599,-0.0107089,-0.0104145,-0.0120599,-0.0229211,-0.0452935,0.00760836,0.0106387,-0.00360234,-0.00265262,0.00409448,-0.0467055,-0.00312777,0.00588994,-0.00268835,0.00286646,-0.000288203,0.0002855,0.00081323,-0.000174018,3.44564e-05,0.0077658,0.00125617,-0.00197519,0.00089796,0.00763401,-0.00201382,0.00113187,0.0680461,0.0122611,-0.0108788,7.3135e-05,-0.00260451,0.0753205,0.00639359,0.00113864,-0.00338792,-0.00331366,-0.00147048,0.95804,0.0301139,0.000826912,-0.00324856,0.00967258,-0.010178,0.00221861,-0.0021906,-0.00407669,-0.000132801,0.0218543,-0.00445058
ARF,-4.65066e-05,-0.00150936,-0.00800515,-0.000459848,0.000148652,-0.000694078,-0.00158667,0.00169034,-0.00139953,0.00105527,0.00496011,-0.018004,-0.0266557,0.00347434,0.0074239,-6.53912e-05,-0.00835827,0.00103214,-0.015893,-0.00312109,-0.00162631,-0.0023687,-0.00107296,-0.00187247,-0.00315555,-0.000667123,-0.00241328,-0.000277756,-0.0035627,0.00150333,-0.00704404,-0.00298551,-0.00187502,-0.00144214,-0.00775831,0.00110088,-0.00118382,0.00627967,-0.0396791,-0.038116,-0.00563501,-0.0531368,0.0207393,0.0160316,0.0268191,-0.00449293,0.00150855,-0.00266032,-0.0113694,-0.0123189,-0.00780931,-0.017554,-0.00815236,4.89959e-05,-0.00239314,0.000821158,0.00111004,-0.000715392,0.00464274,-0.000132987,0.00446563,0.000503007,0.00129572,-0.00366744,0.00194196,-0.0149064,-0.00233267,0.0113925,0.000355566,-0.000529315,-0.00301791,-0.00300924,-0.00146798,-0.00136182,-0.00135191,-0.000496939,0.00627967,-0.00314421,-0.000619406,-0.00132695,-0.016291,0.347888,0.0216143,-0.00170114,-0.00173141,-0.000850964,-0.00612071,0.0604713
PWL,-0.00148291,-0.0033523,-0.0176382,-0.000267112,0.000972666,0.00476756,-0.00310501,0.00341326,-0.00157889,0.0227702,0.0361152,-0.140541,-0.221642,0.0154193,0.0319126,-0.0268992,-0.114595,0.0203079,-0.136708,-0.00286537,-0.000587762,-0.000658099,-0.00649436,0.000699608,-0.000292607,-0.00730695,-0.00180672,-0.00754058,-0.00180425,0.00724809,-0.0121518,-0.00106475,-0.00188598,-0.00685506,-0.0111325,0.0150885,-0.0227984,0.0231164,-0.137228,-0.225638,0.000376383,-0.0265519,-0.010576,0.00639556,-0.00395449,0.00762467,5.08674e-05,0.0028313,-0.0405017,-0.0145604,-0.0739072,0.000448826,-0.00437498,0.00115031,-0.0105524,7.41428e-05,0.000995604,-0.000372986,0.000481172,-0.000575827,0.00250677,0.000223157,0.000993619,-0.000484731,-0.000206839,-0.070098,-0.00279,0.00987025,0.000304113,0.000945568,-0.00635865,-0.0165826,-0.00469688,-0.00580386,-0.00103442,0.00437352,0.0231164,-0.0125773,-0.000988711,-0.000814274,0.20742,0.373371,0.2806,0.00470172,-0.00494956,-0.00306463,-0.0206079,0.298336
SUP,0.0583711,0.0448029,0.0960599,0.0497455,-0.0137383,0.0458406,-0.00393655,-0.030482,-0.130012,-0.0321621,-0.0342915,-0.0228868,-0.0319681,-0.0511916,0.154045,-0.040965,-0.0684438,0.00314709,-0.0200733,0.0857377,0.134599,0.0538811,0.0383795,0.0575798,0.135722,-0.0357965,0.0936927,-0.0618312,0.524728,0.0444529,0.257213,0.189456,0.0617913,0.0534718,0.031465,0.0638775,-0.0975166,0.00286884,0.0429959,-0.00759694,-0.322808,-0.00684912,0.0459335,0.0380134,-0.262379,0.165082,-0.100832,-0.12595,0.0371842,0.0677013,-0.00556069,-0.362529,-0.0992368,0.0208714,-0.0204294,-0.0570159,0.00178933,0.000334378,-0.433502,-0.0849812,0.0789153,-0.0704046,-0.274023,-0.034647,-0.313532,0.0485466,0.0830483,-0.18756,-0.0101695,0.141414,0.105467,0.0438196,0.037929,0.0447423,0.00915551,0.0440466,0.00286884,0.0485964,0.0317701,0.0105475,0.0590866,0.0141681,0.0472206,0.0578154,0.198135,0.0651957,0.0574853,0.0130789
Mb_O,-0.018742,0.00469099,0.0801027,0.00267762,0.00044246,0.00971962,0.00616127,-0.00148324,-0.00135845,-0.075669,-0.016497,-0.0617882,-0.05103,-0.0232492,-0.0962776,-0.0759638,-0.119399,0.0076991,-0.0975221,0.00572278,-0.0119916,0.00401097,-0.00866786,0.0202202,0.039434,0.00345722,0.0255989,0.00297861,-0.0274821,-0.0002022,0.0475093,0.0139518,0.0115973,-0.00182873,-0.0100905,-0.00947719,-0.0355947,-0.0878348,0.23811,0.120244,-0.0188929,-0.129259,-0.378751,-0.251656,-0.394108,0.038803,-0.0320003,0.0828382,0.0984012,0.185703,-0.00811613,0.117884,-0.00135774,-0.00415225,-0.0012297,-0.000492901,0.00217507,0.000478092,0.00667052,0.00502874,0.000865685,0.00792802,0.037611,0.0520122,0.0118382,0.132103,0.0103715,-0.290759,0.00390752,-0.0173999,0.00669411,-0.00481821,-0.000364094,-0.00344255,0.00709716,0.00741572,-0.0878348,-0.00343379,0.00241777,0.00719667,0.0514442,0.169875,0.0565092,0.00627044,-0.0104673,-0.00168192,0.0478869,0.0566835
Mb_FF,-0.00400987,-0.00259433,0.11858,-0.00157417,0.000298764,-0.000633654,0.0267036,-0.0061208,-0.00159797,-0.00843869,-0.00606985,-0.0160095,-0.0206582,-0.00463697,0.0894758,0.0113905,0.143622,-0.0010796,-0.00936927,-0.00011057,-0.00302818,-0.0061698,-0.00172378,0.0258482,-0.00268992,0.00182452,-0.00189082,-0.00174904,-0.00607796,-0.00171398,0.00464279,-0.00127434,-0.00259599,-0.00235277,-0.00452265,-0.00518876,0.00920503,0.049827,0.000753962,0.0431962,-0.00657157,0.019887,-0.0358327,-0.0271042,0.0232355,-0.018776,0.0538365,-0.0331975,-0.0102127,-0.029959,-0.0451325,-0.0127794,-0.00275028,-0.00444438,-0.00409993,-0.00421465,-0.00217103,-0.00323745,-0.00106736,-0.00764628,0.00324362,-0.00867742,-0.0532201,0.0186692,0.0114779,0.0081797,0.00255348,-0.0104298,-0.00527327,-0.00886867,0.00957082,0.00193378,0.00684544,-0.000930274,0.0195135,-0.000444758,0.049827,-0.000899432,-0.000639007,0.0187491,0.0232881,0.0242005,0.0201103,-0.000481161,-0.00366045,2.98971e-05,0.00258567,0.0250992
Mb_DF,-0.00609153,0.0014218,-0.0112511,-0.00725137,-0.000446221,-0.0034366,-0.00366581,0.00379601,0.00203837,0.00203829,0.00114321,-0.0207632,-0.0297918,-0.00458653,0.0589595,0.214966,0.180979,-0.00141036,0.293314,-0.000420507,-0.00150915,-0.0172715,-0.00381662,0.0214605,-0.00979112,-0.00244491,-0.00657302,0.00075624,-0.0252315,-0.00226315,-0.0176732,-0.00781837,0.0276465,-0.0023219,-0.00661446,-0.0479458,0.045916,-0.0216024,-0.0211228,0.0568708,-0.0278862,0.00663178,-0.080847,-0.250868,0.202154,0.0930656,0.139429,-0.331332,0.0264562,-0.153684,-0.148858,-0.0709297,-0.000400847,-0.0049706,-0.00753044,0.00471284,0.000589452,-0.00179067,-0.0365359,0.00413505,-0.001478,0.00311352,-0.22058,-0.611684,-0.288293,-0.0149276,0.00236171,-0.0140095,0.00089473,-0.0316421,-0.00574398,0.0241061,-0.00155362,0.00425432,-0.00360553,-0.00283731,-0.0216024,-0.00965049,-0.000446608,-0.00359912,0.0289908,0.0230366,0.0262791,-0.000773271,-0.0107509,-0.00379233,-0.0050069,0.0518693
Mb_C,0.00044941,9.90118e-05,-0.100547,9.28179e-05,-0.000402625,-0.000463489,-0.00440369,0.000901393,-0.00190891,0.00862306,0.00184314,-0.00130112,-0.00498114,0.0753901,0.0607556,0.00654098,0.065246,-0.00318857,0.0399334,0.0023671,0.000370305,0.000445317,-0.000740282,0.00450756,-0.000518551,0.000104153,0.000396571,0.000729761,0.013527,0.000811134,0.00246074,0.00260975,-0.0058623,0.00151121,0.000958828,-0.000355912,-0.0127352,-0.0103343,-0.0295437,0.00621168,0.0133896,-0.0613416,-0.113412,-0.200885,-0.0598878,-0.583776,-0.0627838,0.0369536,-0.205105,-0.396315,0.155263,-0.0569866,0.00073464,0.00110237,0.00236552,-0.000560634,0.000186309,0.00103213,0.00195329,-0.000287068,-0.000243329,4.13673e-05,0.0803713,0.17478,0.0819453,-0.0137649,-0.00173865,-0.0448083,0.000939984,0.00564718,0.00166169,0.00456624,-0.00156946,-0.00158342,-0.00336736,-0.000366143,-0.0103343,0.00066986,0.000323786,-0.00325718,0.00568402,-0.00876078,0.00333226,0.00047727,0.00637024,0.00238117,-0.00434425,0.00500232
Mb_PAR,0.000165612,-0.000138358,-0.00710049,2.15823e-05,1.88018e-05,-1.55022e-05,-0.000104484,-2.04414e-05,1.968e-06,0.000532084,4.6733e-05,0.000608462,0.000645784,-5.02926e-05,0.00396515,-0.00241412,0.000850812,-0.000182815,-0.00412773,-3.13433e-05,0.000263639,0.000131473,0.000217806,0.00100264,-0.000207085,-2.19827e-05,-0.000149883,5.26205e-05,0.000533098,-8.64e-08,-0.0003639,-0.000136107,-0.000945871,5.1223e-05,0.00010157,0.000118711,-0.000609895,0.000367725,-0.00153784,-0.0016464,0.000383844,-0.005866,0.00240427,-0.00714694,-0.0013877,-0.000120223,-0.0156991,-0.156871,-0.0172326,-0.0176709,-0.147429,-0.000656339,2.32175e-05,7.52324e-05,0.000109097,-3.75727e-05,-2.06075e-05,-2.6011e-06,0.000246338,-4.40343e-05,7.778e-07,-5.05745e-05,0.00274819,0.00691301,0.00355609,-0.000777487,-9.75836e-05,0.000458274,-4.69602e-05,0.000348252,0.000108937,-0.000135254,0.000114284,-3.24341e-05,-8.10808e-05,-3.4136e-06,0.000367725,0.000182305,-4.23051e-05,-7.85926e-05,-0.000660207,-0.0015787,-0.000773828,-8.25646e-05,0.000263586,0.000145847,-0.000315756,-0.00107924
Mb_SCA,-0.00124661,0.00482377,-0.0271468,0.00131556,-0.00092216,-0.000824277,0.000567644,0.000447999,0.00129947,0.00354252,0.000312335,0.00193136,0.00173295,-0.000754939,0.0122806,0.00111353,0.00161866,-0.00188266,0.0638864,-0.00117899,0.000932113,-0.00276183,-0.00294909,-0.0107037,0.000462496,0.00031909,0.000900737,-0.000739924,-0.00413719,-0.000224894,0.00449872,-0.000123041,0.0355535,-0.000492153,0.00102591,0.0170502,-0.0051016,-0.00255767,-0.0137483,-0.0117214,0.000833207,-0.0368293,-0.0215783,-0.0130371,-0.0151316,-0.0597691,-0.0678766,-0.485144,-0.0530441,-0.0494209,-0.451329,-0.00335805,0.000819107,0.000252423,0.000691184,9.72063e-05,-6.75012e-05,0.000194254,0.000894296,0.000170757,-0.000515191,8.23657e-05,0.00911259,0.0172768,0.00931925,-0.0048472,0.000768776,-0.00948818,7.19178e-05,0.00122647,-0.000765828,0.0038846,-0.00173301,0.00530222,0.00020155,-0.000607596,-0.00255767,-0.00191409,0.00106746,0.000162627,-0.00265493,-0.0122421,-0.00358859,-0.00121681,-0.00218895,-0.00165136,-0.00203179,-0.00334681
Mb_H,-1.1042e-06,-1.77e-07,0.000339168,-5.4758e-06,1.5687e-06,-4.1669e-06,-2.2178e-06,4.4013e-06,1.12169e-05,1.80949e-05,6.7318e-06,1.37552e-05,1.59773e-05,-3.016e-07,1.73653e-05,-5.73392e-05,-1.8068e-05,-3.8533e-06,3.37064e-05,-7.8676e-06,-6.8217e-06,-8.9976e-06,-3.2513e-06,0.000105865,-8.2372e-06,5.2125e-06,-4.5615e-06,2.9463e-06,-2.93355e-05,-1.19363e-05,-1.68204e-05,-1.30082e-05,1.62576e-05,-2.2674e-06,-1.1872e-06,-1.45844e-05,-9.6735e-06,-5.15618e-05,-3.93534e-05,-3.7718e-05,-3.66478e-05,-0.000123648,-2.30651e-05,-0.000181766,6.31011e-05,0.00188114,0.0012367,-0.00156474,0.000973394,-0.00017575,-0.00100197,-4.24558e-05,9.6581e-06,5.647e-06,2.1508e-06,4.5082e-06,1.434e-07,1.7161e-06,-2.97814e-05,4.9748e-06,-7.3248e-06,3.4626e-06,-0.000126147,-2.59621e-05,-0.00102824,-2.70984e-05,-4.9598e-06,2.04089e-05,1.2537e-06,1.10335e-05,6.59e-08,1.9356e-05,1.1392e-06,3.3163e-06,-2.7305e-06,-4.0663e-06,-5.15618e-05,4.226e-07,-2.5916e-06,-2.785e-06,-2.02636e-05,-3.78004e-05,-1.95648e-05,-6.3763e-06,-1.13572e-05,-8.729e-07,-1.299e-05,-2.35012e-05
Mb_GRA,0.000205878,-0.000206745,0.335847,-2.02229e-05,3.63859e-05,-2.25251e-05,-0.00021648,2.3637e-05,-4.99514e-05,0.000689593,0.000367721,0.000534804,0.000659414,8.02455e-05,-0.000417221,-0.000848969,-0.00139876,-7.6535e-06,-0.00136253,-1.03283e-05,8.42576e-05,0.000187472,0.00021421,-0.000413397,-0.000182509,-3.94857e-05,-0.000131898,6.39481e-05,0.000478022,1.78121e-05,-0.000379959,-7.9424e-06,-0.00154516,6.63306e-05,5.85131e-05,0.000270598,-8.75262e-05,-0.00697468,-0.000951095,-0.0011261,0.000207801,-0.00433929,-0.00367196,-0.00232309,-0.000614883,-0.00724819,-0.00561534,-0.0610424,-0.15369,-0.00681733,-0.0561935,-0.000477715,1.69753e-05,5.26595e-05,4.99459e-05,1.69542e-05,5.0619e-06,2.39067e-05,5.43478e-05,1.88368e-05,-1.63508e-05,1.77159e-05,0.000784743,0.00134088,0.000498001,-0.00115796,-0.000228359,0.00196339,2.18347e-05,0.000151539,-0.000628984,-0.000164602,2.9873e-06,-0.000184977,-0.000165467,-1.75727e-05,-0.00697468,-0.000108383,-5.62117e-05,-0.000160044,-0.000701402,-0.00104595,-0.000620461,-1.48741e-05,0.000244592,9.68062e-05,-0.000415109,-0.000737703
Mb_SF,-0.000819359,-0.000212003,-0.000108789,-0.000679905,0.000209111,0.000820845,-0.000386629,-6.27261e-05,-0.000776037,-2.2602e-05,0.00132945,0.0024651,0.00302812,-0.000294843,-0.000162517,-0.000689123,-0.000281975,0.0034124,-2.42908e-05,0.000469248,-0.000365008,-0.000207945,-0.000105472,-0.000161391,-0.000206578,-0.00106569,-0.000613789,-0.00154258,-0.00117543,-3.78705e-05,-0.000318565,-0.000224555,-0.000257749,-0.000685626,0.000394943,-1.14104e-05,-0.000177906,-0.000189243,-0.000274181,-0.000922353,-0.000376374,-0.000651779,-0.00161569,-0.00186811,0.00306813,0.00124043,0.00185232,-0.00257231,0.00062769,-0.00456685,-0.00336614,-0.00214005,-3.97617e-05,0.000152373,-0.000522848,-0.000180628,-0.000224619,-0.000227113,7.29427e-05,-0.000604634,9.96796e-05,-0.000802484,-0.00947602,0.00163981,0.000993357,-0.000439056,1.42512e-05,9.51086e-05,-0.000458654,-0.000426845,-0.000147936,-0.000235502,-0.00015011,-0.000143493,-6.90468e-05,0.000635186,-0.000189243,6.90125e-05,-0.000127504,-3.52815e-05,-0.000230396,-0.000603646,-0.000151714,0.00139513,-0.00137298,-0.000799604,0.000659192,-0.000320818
Mb_PF,-1.0933e-06,1.1942e-06,0.000153765,3.667e-07,-3.706e-07,-1.1484e-06,-3.839e-07,3.102e-07,1.6858e-06,3.3992e-06,4.25e-08,2.1355e-06,2.635e-06,-3.3171e-06,5.4733e-06,-4.6872e-06,-2.6222e-06,-1.8883e-06,2.64429e-05,-1.5377e-06,-1.0318e-06,-3.3672e-06,-1.8689e-06,-6.7985e-06,-2.1343e-06,-1.178e-06,-9.033e-07,-7.69e-08,-4.1044e-06,-2.152e-07,-7.145e-07,-1.5156e-06,1.62677e-05,-9.503e-07,-1.0334e-06,8.1418e-06,-4.0173e-06,-5.3283e-06,-9.572e-06,-9.8539e-06,-2.7959e-06,-2.95522e-05,-1.95106e-05,-2.25912e-05,-1.15166e-05,0.000761794,0.000476556,-0.000420618,0.000401656,-5.97049e-05,-0.000403404,-1.74857e-05,1.3201e-06,-9.19e-07,-1.9278e-06,1.469e-07,-1.0739e-06,-2.9083e-06,8.09e-08,1.4242e-06,-7.768e-07,8.431e-07,-6.81498e-05,2.30868e-05,1.35375e-05,-4.6938e-06,-7.898e-07,-9.114e-07,-3.9505e-06,-4.0733e-06,-2.4407e-06,7.249e-07,-1.5179e-06,1.9584e-06,-5.849e-07,-9.902e-07,-5.3283e-06,-2.4246e-06,1.326e-07,-6.063e-07,-4.1372e-06,-9.5913e-06,-4.4411e-06,-1.5446e-06,-1.8359e-06,-1.2224e-06,-2.4106e-06,-4.7142e-06
BO,0.00225684,-0.000318104,-0.010156,-0.00064855,9.47308e-05,-0.0012372,0.00264838,-0.000938243,-0.00360996,0.00168775,0.0062579,0.000510923,-0.0039935,0.0770259,0.0274367,0.00924772,0.0107103,9.48436e-05,0.00737899,0.000738352,0.000107141,0.0371863,0.000923506,-0.00984756,-0.00366072,0.00134282,-0.00299426,0.000379629,-0.00697499,0.00247141,0.0424641,0.000923193,-0.00414255,-0.000894661,0.00905948,0.0119844,0.0280198,0.00292678,-0.006865,-0.0100744,-0.0101309,-0.0868429,0.0309256,0.0173206,0.0566848,-0.00899884,-0.000886221,-0.0115931,-0.0118322,-0.0374889,-0.00708966,-0.0504176,-0.00501215,0.00249142,-0.0020965,0.00118628,0.000538967,-0.000156289,-0.0288572,0.000454375,0.00250942,0.000550491,-0.0619769,0.00124327,0.00702256,-0.0134029,0.00461703,0.0287547,-0.000666013,0.0142546,0.0218324,0.00375598,0.00159422,-1.62052e-05,0.00162642,-0.000857172,0.00292678,0.0226726,-0.000250239,0.00151777,0.0087765,-0.00902655,0.00550592,0.000471209,-0.00288033,-0.00118003,-0.00379262,0.00351348
EUP,-0.00407005,-0.00392844,-0.00439273,-0.00686204,0.00831894,0.00081062,0.08326,-0.148806,0.279969,0.529746,0.0446618,-0.00897574,0.0348321,-0.0764358,-0.0214811,-0.0761807,-0.0531463,-0.0019356,-0.0122685,0.0961756,0.0585049,0.0802328,0.0156479,0.0163153,-0.0030396,-0.0391045,0.0347672,-0.0214289,-0.0218425,-0.0132771,-0.022001,-0.000259312,0.0364488,-0.000438561,-0.01201,-0.00249141,0.0506481,-0.00365195,0.0334704,0.0271104,-0.00458085,-0.0100105,-0.00368461,-0.0025258,-0.00153608,-0.00594432,-0.00920001,0.00630453,-0.00478145,-0.00320645,-0.0167825,-0.0238169,-0.156727,-0.0105173,-0.00840424,-0.131383,-0.0797234,0.0477982,-0.00521377,0.044294,-0.447141,0.0353013,0.00570034,0.00385842,0.00444493,-0.0142691,0.0317711,-0.000137687,-0.0324996,-0.0087957,0.0236892,0.01432,0.0345109,0.0204561,0.0615747,-0.00426533,-0.00365195,0.0508453,-0.00145672,0.0592691,0.0129532,0.0278018,0.0189403,0.0613124,-0.0214491,-0.0147291,0.0353739,0.0176105
ZG,-0.0119818,-0.0118229,0.00100124,0.000699375,-0.00346075,0.0210689,-0.00706931,0.0161372,0.00550279,-0.00493859,-0.00601006,-0.00594806,-0.00642301,0.000643339,-0.000799555,-0.00145074,-0.000614425,-0.0123863,0.00363163,-3.37602e-05,0.0310627,-0.00164907,0.00880097,0.00135157,0.00587692,0.232969,-0.0070675,0.00836928,-0.00305338,-0.178334,-0.00150779,0.00036515,0.00437981,0.00266709,-0.00614297,-0.0038861,-0.00142264,-0.00155647,-0.00182025,-0.00162403,0.00715763,-0.00127234,-0.000558046,0.000947182,-0.00206076,0.000397749,-0.00248217,0.00147509,0.0010458,0.00370572,0.00112474,-0.00215346,0.000410115,-0.0295599,-0.0472439,0.0157944,-0.00290374,0.00381943,-0.00467263,0.00428797,-0.0057366,-0.00741222,-0.00167366,-0.000601408,0.000838595,0.00159237,-0.00203866,-0.00152931,-0.00177689,0.00151495,-0.0114688,0.000470214,0.00271478,0.00741818,0.000331402,0.00967583,-0.00155647,-0.0242769,0.00385981,0.00111825,-0.00701789,-0.00187811,-0.00279662,-0.00400576,0.00326582,0.0014742,-0.00187409,-0.00257908
ZL,-0.0347925,0.0902128,-0.00243628,0.00561841,-0.00647779,0.0444647,-0.0096101,0.0408432,-0.0257999,-0.0173537,0.0322654,0.0401291,0.0149132,-0.0128632,0.0203241,-0.0350202,-0.00689331,0.0419849,-0.02577,0.0307767,0.0913507,-0.00899629,0.0096485,0.00989814,0.0163389,0.169281,-0.021778,0.0234548,0.0278557,-0.562587,-0.0161978,-0.00149154,-0.0102971,0.0130478,0.0944779,-0.0177825,0.00872181,-0.00630997,0.00818792,0.079703,0.0126272,-0.00669306,-0.00466338,-0.00268655,-0.00867134,-0.000634448,-0.00448859,0.00425719,-0.0041001,-0.0308944,-0.0139435,-0.0240231,-0.00663788,0.0961574,-0.212985,0.0531227,-0.0384432,0.0121339,-0.0114606,0.0324911,-0.0130724,-0.0227194,-0.0247988,0.00328279,0.00972529,-0.0137078,-0.00773138,-0.0034514,-0.00720293,0.000279808,-0.0382128,0.00403326,0.00183007,0.00490841,0.0046123,0.0120282,-0.00630997,-0.072829,0.00993116,0.00612443,0.00434021,0.0512611,0.0310356,0.0336709,0.0252369,0.0099181,0.0147716,0.0317335
ZM,0.10875,0.0411369,-0.014385,0.0624689,-0.0302503,-0.0144959,0.0881013,0.475549,0.141395,-0.0512634,0.00252244,0.00651695,0.0058956,0.0461178,-0.0131397,-0.0322966,-0.0097609,0.0125524,-0.0148789,-0.00905241,-0.0184542,-0.0264838,0.0305146,0.025213,0.0250426,0.0926208,0.0554925,0.264976,0.00782395,0.0850163,-0.0161292,-0.0127284,-0.00656987,0.014432,-0.0167379,-0.0798813,-0.00579233,-0.0237751,-0.00649941,0.00891974,-0.028665,-0.00771479,-0.0480373,-0.00138324,0.0120698,-0.0132902,0.0199252,-0.00364538,-0.00335346,-0.0503377,-0.0346611,0.0203486,-0.0944352,-0.0427063,-0.00631425,-0.301276,-0.138832,0.054682,0.0126845,0.0888023,-0.186728,-0.329253,0.0156098,0.00269461,0.0133589,-0.0132554,-0.00767704,0.0148814,-0.0557661,-0.00847789,-0.00103545,0.029694,0.0363361,0.0227631,0.0611168,0.0228784,-0.0237751,-0.00177129,0.0243463,0.0582478,-0.00187115,0.00153383,-0.000488774,-0.000526792,0.149688,0.159705,-0.0054513,-0.00248241
ZS,0.0330813,0.0439527,0.00608358,0.0127666,-0.010718,0.0353071,0.0126777,-0.0269801,0.121291,0.0424294,0.0711737,0.0970405,0.124375,0.0616725,0.013621,-0.00549983,0.00889542,0.152681,0.00502338,0.00918217,0.0313187,0.0467511,0.00367834,0.00966471,0.0162343,0.0760829,-0.00988115,0.102484,-0.0496053,0.00501515,-0.013253,-0.00674711,0.0200709,-0.0106457,0.0079095,-0.0092653,-3.1408e-05,0.00570011,-0.00394343,-0.0232558,-0.0178798,-0.000479388,0.0397231,0.0121245,0.0202852,0.0156059,0.0053748,-0.00100384,0.00163155,0.00225882,0.115842,0.0356534,0.0647597,0.082297,0.0373333,-0.0221999,-0.414366,-0.322416,0.0387513,-0.443029,-0.0606592,-0.10881,-0.00267584,-0.00967524,0.00299004,-0.00887215,0.00994845,0.0026331,0.239085,0.0129682,0.017209,0.0207058,0.00722568,0.00724009,0.0186296,0.0291364,0.00570011,0.0378959,0.0111096,0.0192623,0.00792891,-0.0139567,0.00853614,0.0558781,0.034592,0.0489309,0.0298574,0.00261086
PB,-0.0168283,-0.00309014,-0.0353984,-0.00157982,-0.00140396,0.00421086,-0.00877409,-0.00574659,0.045782,0.0293122,0.00964603,0.0201331,0.0367588,-0.0150046,-0.0291805,-0.0443795,-0.0377831,0.0253764,-0.0178629,-0.00290976,-0.0496186,-0.0684736,-0.0248215,-0.0375544,-0.00818199,-0.0236197,-0.00385636,0.0186436,-0.0349703,-0.116272,-0.0112239,-0.0136805,-0.00697162,-0.0216508,-0.0371418,-0.0809918,-0.0079013,-0.0587763,-0.00184257,-0.00388681,-0.0277853,-0.00310957,-0.171456,-0.0190597,-0.00899106,-0.0427929,0.0126052,0.00829503,-0.00502019,-0.167065,-0.203714,-0.0186398,0.0473059,0.0175524,0.0444368,-0.01569,0.133614,-0.508912,-0.0259078,-0.0932907,-0.0292623,-0.013005,0.0313645,0.0162898,0.0244373,-0.0214973,-0.0138915,0.0165145,-0.410867,-0.0302729,-0.0425832,-0.018882,-0.0195052,-0.0210297,-0.00535888,-0.00580274,-0.0587763,-0.0586295,-0.00161571,-0.00499577,-0.0223446,-0.00450569,-0.0129668,0.00615517,-0.00520446,-0.0019298,-0.00463055,-0.0149373
BB,-0.0123818,-0.0191803,-0.0679357,0.00299022,-0.00500381,-0.00989729,-0.00615117,0.000572329,-0.0058101,5.84819e-05,-0.00854078,0.000630207,0.00126397,0.0358833,-0.0678973,-0.0324406,-0.0337833,-0.0135621,-0.0281994,-0.00491096,-0.0106038,0.0109923,-0.0109649,-0.0484266,-0.0618464,-0.0493153,-0.0371232,0.00900731,0.0834296,-0.00700774,0.0195005,0.0184135,-0.0125017,-0.0152722,-0.0174368,-0.0263512,-0.0333925,-0.0223478,0.00798576,-0.03288,0.0896157,-0.133006,-0.00321569,-0.030274,-0.10856,0.00344526,-0.0661106,0.0521456,-0.0647849,-0.00983987,-0.059625,0.158989,-0.0273858,-0.0579008,-0.0462304,0.00941338,-0.00163777,-0.0179856,-0.38381,-0.0087357,0.0129008,-0.0156864,-0.0267039,0.0475227,-0.011463,-0.0239218,0.000761273,0.0364227,0.0014186,-0.32065,-0.00129554,-0.0095329,-0.00912367,-0.0118862,-0.00713645,-0.00907262,-0.0223478,0.0010883,-0.00244,-0.0072412,-0.0136077,-0.0177004,-0.0130955,-0.00770691,0.0418101,0.0143011,-0.0122958,-0.0180066
PS,0.0722628,0.0252193,0.0249152,0.00878551,-0.00448577,0.0152879,0.0167499,-0.0100238,0.0518382,0.0578897,0.0261333,0.03153,0.0350272,0.00321233,0.0206457,0.0064673,0.0108459,0.0498437,-0.00639838,0.0209567,0.0148589,0.0237016,0.00241745,0.0158502,0.015406,0.0297668,0.00681908,0.0285011,0.0298846,0.0786213,0.0180777,0.0205678,0.0111896,0.00351011,0.037049,0.0447204,0.0357137,0.0508861,0.00205737,0.0015075,0.0533297,-0.00543788,0.108989,0.00365383,-0.0166511,0.0191394,-0.0157425,-0.00824354,0.000171673,0.0960505,0.0332576,-0.0381294,0.0881796,0.044669,0.0391189,-0.0130251,0.168554,-0.0947525,-0.0282589,-0.140381,-0.0561734,-0.0445702,-0.0299774,-0.00240137,-0.0270015,0.00698633,0.0162837,-0.0203448,0.0674701,0.0135366,0.0257124,0.0125771,0.00897457,0.00482575,0.0163653,0.0172199,0.0508861,0.0309554,0.00681625,0.0163245,0.016045,0.00326624,0.0136066,0.0299659,0.0289538,0.0245661,0.0211119,0.010337
DF,0.00359619,0.000939781,-0.00144287,0.00114958,0.000434267,-0.000353454,0.0201991,-0.0107883,0.0618704,0.103976,0.0091628,-0.00135786,0.0074286,-0.0133302,-0.00479702,-0.016538,-0.0110035,0.000392854,-0.00303971,0.0188897,0.0110198,0.0150723,0.00435686,0.00428917,0.00042333,-0.00397761,0.00915517,0.00649979,-0.00414583,0.000754365,-0.0050695,-0.000573278,0.00706349,0.000470194,-0.00305711,-0.0037104,0.00989787,-0.00167102,0.00642693,0.00573655,-0.00209531,-0.00231156,-0.00258612,-0.000538424,0.000212495,-0.00169207,-0.00103321,0.00111326,-0.00108746,-0.00265069,-0.00453212,-0.00388454,0.164995,-0.00366192,-0.00186547,0.00163186,-0.0204321,0.0111601,-0.000464847,0.0116046,-0.0970076,-0.0063079,0.00175959,0.00086186,0.00142878,-0.00340018,0.00606525,0.000572513,-0.00829542,-0.00207465,0.00472774,0.00408945,0.00836876,0.00501492,0.0147935,0.000115097,-0.00167102,0.0101672,0.000702728,0.0142188,0.00253022,0.00559632,0.00378404,0.0123431,0.00176067,0.00353143,0.00691106,0.00342756
PL,0.119846,0.0347986,0.0156491,0.0395925,-0.0177708,0.000140782,0.0686139,0.235649,0.128079,0.0713661,0.0143676,0.0110491,0.0119209,0.00585934,0.00837182,-0.0182322,-0.00218571,0.0190765,-0.0162395,0.0241115,0.0118026,0.00554063,0.021662,0.0294032,0.0261637,0.0607989,0.0435313,0.147221,0.0462273,0.0721877,0.00993761,0.0157895,0.00750725,0.0144272,0.0244786,0.00232719,0.0372263,0.0358808,0.00276608,0.0148234,0.0437337,-0.0103654,0.0730165,-6.79824e-05,-0.0158159,0.00775424,-0.0077208,-0.00893529,-0.00216345,0.0682028,-0.0150171,-0.0386842,0.105741,0.0164271,0.0224065,0.363235,-0.0573533,0.0187526,-0.0322336,0.0209982,-0.189318,-0.195295,-0.0211151,0.00157156,-0.0198695,0.000716231,0.012369,-0.013607,-0.02424,0.00580601,0.02026,0.0255985,0.0311123,0.0191967,0.0506045,0.0205276,0.0358808,0.0193043,0.0176656,0.0486898,0.0127957,0.0102966,0.0129263,0.0226001,0.101709,0.0979865,0.0146959,0.0098281
MB,0.000515967,0.00453779,0.0337309,0.00148593,-0.00083015,0.00330218,0.00245265,-0.0010121,-0.00832867,-0.00566193,-0.000699394,-0.0067754,-0.00984418,0.0102188,0.0267367,0.0254584,0.0317334,0.00190431,0.0340841,0.00570109,0.00821744,0.00727612,0.00136647,0.00765379,0.00695391,0.00217284,0.00377923,-0.00289314,0.0216462,-0.0109758,0.0218437,0.00958308,0.00606635,0.00220201,0.00400965,-0.00203681,0.00614221,-0.0016247,0.00874731,0.0165393,0.0288571,0.0231378,0.0767471,0.092191,0.00998884,0.0196152,0.0175001,0.0678712,0.0490539,0.178542,0.1693,0.164022,-0.00681711,0.00261853,0.0155664,-0.001369,-0.000794614,-0.000314885,-0.0337621,-0.00374869,0.00455811,-0.00441768,-0.0628368,-0.0795243,-0.052142,0.00406459,0.00616779,-0.0199521,-0.00116818,0.00435138,0.00946997,0.00635237,0.00280226,0.00277767,0.00267609,0.00247536,-0.0016247,0.00384886,0.00182422,0.00269984,0.013425,0.0130248,0.0123342,0.0043602,0.00798462,0.00271758,0.00444966,0.0140628
SG,-0.0017151,0.000429828,0.0187286,-0.000949804,-5.08192e-05,-6.54798e-05,-0.000287897,0.000492532,0.000191295,-0.00304279,-0.000558454,-0.00584887,-0.00672117,-0.00174021,0.00459638,0.028799,0.0217295,0.000132125,0.0395779,0.000225259,-0.000702886,-0.00238156,-0.000932746,0.00412755,0.000332869,-0.00022875,0.00018513,0.000224746,-0.00477673,-0.000330406,-0.000451392,-0.000476468,0.00461191,-0.000405163,-0.00142625,-0.00757572,0.0052578,-0.00750356,0.00740704,0.0138263,-0.00474517,0.0395604,-0.0291668,0.101049,0.012633,0.0154862,0.0192295,0.000809954,0.0507313,-0.0151021,-0.0255522,-0.00555874,-0.000158977,-0.000919309,-0.00118992,0.000663235,0.000186293,-0.000245886,-0.00535538,0.000811486,-0.000152751,0.000793119,-0.0314881,-0.0893836,-0.0428685,0.0036062,0.000837862,-0.0150306,0.000305376,-0.00545679,-0.000552633,0.00341153,-0.000233885,0.000493596,-0.000229398,-7.86892e-05,-0.00750356,-0.00158651,5.04884e-05,-0.000223178,0.00662802,0.0109749,0.00644623,0.000185421,-0.00198804,-0.000612904,0.00138392,0.0102728
MA,0.000634308,0.00425648,0.0450218,0.00165384,-0.000772158,0.00141797,0.00047562,-0.00219174,-0.00456717,-0.00675534,-0.00423999,-0.00668612,-0.00718733,-0.00490614,0.00538225,0.0370877,0.0138302,0.00076129,0.0267568,0.00314088,0.0022389,-0.00097723,-0.00139366,0.00984102,0.00521,-0.00221755,0.00362234,-0.0028477,0.0120665,0.011096,0.0103881,0.00606747,0.0218098,0.000987996,8.12184e-05,0.0332292,0.000167961,0.0153368,0.00875873,0.0106607,0.0204221,0.0371163,-0.0247144,0.0764964,-0.00333782,0.0197516,-0.0011056,0.413867,0.0437569,-0.00685451,-0.0144893,-0.0185466,-0.00370491,-0.00316856,-0.000962267,-0.00331245,2.30406e-05,-0.000179946,-0.019683,-0.00251248,0.00337157,-0.00113128,-0.0334379,-0.0691862,-0.0452557,0.0109306,0.00514268,-0.0219921,-0.000222806,0.000558979,0.00607449,0.00485002,0.000761661,0.00394704,0.000723471,0.00174636,0.0153368,0.00202765,0.0014571,0.000749823,0.00849043,0.00979833,0.00734801,0.00239228,0.00379599,0.00120651,0.00554109,0.00953386
RAY,-0.00525466,-0.00668335,-0.0174445,-0.00583549,0.000156202,0.00543331,-0.0050871,-0.00426593,0.06495,-0.362425,-0.329375,-0.129291,-0.0142093,-0.135086,-0.331215,-0.0741,-0.0632001,0.0252623,-0.0743728,-0.00770678,0.0023836,-0.0240047,-0.0139947,-0.0194407,-0.00802652,-0.00507622,-0.00516412,-0.00838057,-0.0210282,0.00176782,-0.00118913,0.00514053,-0.00116839,-0.0190013,0.00471395,-0.073534,-0.00140655,-0.186,0.0123401,0.000680323,0.0098584,-0.0125608,0.0169201,0.00351082,0.00656573,0.00170426,0.0282927,-0.0189446,0.00738618,-0.0107056,-0.0114234,0.00427958,0.00789887,0.00163578,-0.000408356,0.000157824,-0.00124258,0.000750331,-0.00617083,-0.0004305,-0.00465888,-0.00170087,-0.00560981,-0.000731604,-0.00242407,-0.260007,-0.00889644,0.00562939,-0.000611295,0.002558,-0.0262908,-0.0205845,-0.0111638,-0.0114137,-0.00232009,0.00422041,-0.186,-0.0333557,-0.00137754,-0.0020259,-0.0200971,0.00510694,-0.0125321,0.00299821,-0.0139407,-0.00814906,0.243586,-0.0221066
SHK,-0.00250559,-0.00557115,0.00306049,-0.00264373,-0.00347875,0.00289008,-0.0387606,0.0020464,0.0266464,-0.0945932,-0.0746286,-0.0563829,0.0184242,-0.121935,-0.125484,-0.0173902,0.00988058,0.0125818,-0.000114289,-0.0213751,-0.00210956,0.00795739,-0.0285551,-0.172794,0.00242733,-0.00179355,0.00544256,-0.00177213,0.00483247,-0.00307521,-0.0830242,-0.106832,-0.0451729,0.00667607,-0.00488834,0.00583391,0.0537437,0.0266673,0.00502718,0.0065906,0.00865635,0.000603514,-0.00112758,-0.00208152,-0.00406561,0.00392409,0.0186499,-0.00733564,-0.000172535,-0.000541996,-0.00744966,0.000374464,-0.00647171,0.00220018,0.00019758,0.00100255,0.000293588,-0.000147563,-0.00538575,-0.0012815,0.00345013,-0.0016895,-0.00294806,0.00153086,-0.00298389,-0.0123336,-0.395624,-0.00848349,-1.08082e-05,0.00205059,-0.0434233,-0.0359311,0.0850882,-0.0357189,-0.0278059,0.00112592,0.0266673,-0.0163776,0.00436257,-0.0266412,-0.0164023,0.00523638,-0.0112228,-0.00982756,0.00109465,-0.00888212,0.0337163,-0.00417116
DC,0.0404892,0.00613437,0.0100522,-0.00361257,0.00140842,0.0125976,-0.00614501,-0.00508213,-0.00831708,-0.0496588,-0.0162771,-0.00646827,0.0018279,-0.0138311,-0.0379238,0.0234439,-0.0322918,0.0443623,-0.0175374,0.00353536,0.0146726,-0.00765318,0.0357732,0.0198702,0.00704196,-0.00868103,-0.00691518,-0.0177764,-0.00581684,0.000214299,0.0217814,0.0400212,0.0115009,0.00141952,-0.0119683,0.102011,0.147343,0.157858,0.159804,0.0456684,0.0140526,0.126684,-0.098855,-0.0764636,0.0395847,0.0226719,0.17929,-0.0995071,-0.0332087,-0.0340505,-0.096006,-0.0238795,-0.0184515,0.00390349,-0.000261163,0.00290763,0.00120493,-0.000384692,-0.00671388,-0.00199122,0.00979999,-0.00242027,0.0178908,0.0400321,0.00819714,0.070147,0.0131824,0.0,0.00081569,0.000913934,0.0189708,0.000977824,0.0210162,0.0295258,-0.00121546,0.0104969,0.157858,0.0018469,0.00175479,-0.000691352,0.0230038,0.0880468,0.0322943,0.0167241,-0.0123639,-0.00506105,0.0335842,0.0380978
SPOM,0.0344932,0.0422986,0.0217249,0.0102637,-0.00760131,0.0164131,0.0169967,0.0240841,0.0242869,-0.0122864,0.0324616,0.0398882,0.0344072,0.017625,0.0156744,0.0319527,0.0389545,0.0630174,0.00780742,0.00690435,0.0732002,0.0900196,0.0269,0.0385005,-0.0060066,0.0978697,-0.0213148,0.0595793,0.00422373,0.0875552,-0.0139494,0.00134819,0.00818188,0.0139672,0.0489758,0.0706716,0.00729612,0.0672133,0.00464183,0.0010936,-0.00147391,-0.0216346,0.220078,0.00902135,-0.000293655,0.0474785,-0.0230678,-0.0133445,-0.0134003,0.196352,0.295247,0.0149384,-0.0241384,0.00793392,0.122898,0.054761,0.157932,0.429159,-0.00931347,-0.126909,-0.013489,-0.065452,-0.0221429,-0.00351626,-0.00397408,0.00814782,0.0138151,0.00210587,0.0,-0.0483215,0.0440583,0.0286767,0.0225514,0.02272,0.0168432,0.0234199,0.0672133,0.0728493,0.00800584,0.0168269,0.0238568,0.00422857,0.0187303,0.0253143,0.0347283,0.0397508,0.018203,0.0186424
BD,0.0545617,0.0662411,0.17192,0.0199791,0.00494876,0.0418616,0.0232944,-0.0216511,-0.0693015,-0.0250688,0.0263462,-0.00791222,-0.038111,0.269544,0.23181,0.0811429,0.0757699,0.0212954,0.0747395,0.050531,0.083696,0.123455,0.0410148,0.112504,0.218206,0.0637685,0.141029,-0.0560251,0.108198,0.0562826,0.125015,0.0745029,0.06141,0.0673261,0.141159,0.112571,0.0310206,0.0338053,-0.0272226,0.0499632,0.178378,0.177241,0.0354265,0.152488,0.170915,0.0894239,0.0901116,0.0230291,0.14521,-0.0301955,0.0762875,0.188609,-0.0185312,0.119864,0.0404337,-0.0518269,0.00193988,0.0172451,0.47441,-0.0257456,0.0293703,-0.00308964,-0.154641,-0.156989,-0.162954,0.0687563,0.0547235,-0.149524,-0.0302964,0.0,0.0978375,0.0580245,0.042468,0.0474575,0.0281779,0.0403595,0.0338053,0.0943907,0.0227267,0.0286971,0.0778694,0.0259154,0.0621322,0.0406453,0.0171627,0.00296149,0.0511616,0.0557537
1.GNS+TR_D,-0.000285051,0.000285138,0.000680314,0.000586599,-0.000316155,0.000457318,-0.0269963,0.0158577,1.13137e-05,-0.000264015,-0.000381341,-0.0096272,-0.0139836,0.00105683,0.00198952,0.000628097,-0.0184481,0.00224791,-0.00451535,0.00057764,0.0010254,-0.00263303,-0.00865418,-0.0264441,-0.000556948,-0.000481332,-0.00013893,-0.000348546,0.000661482,-0.000172269,-0.0126748,0.00107144,0.002634,0.000389603,0.000254953,0.00223062,-0.000581827,0.00293408,0.00167659,0.00189058,0.000866462,0.000658072,0.000103474,-0.000110249,-0.000250447,0.000372252,0.000721623,-1.82399e-05,0.000221119,-0.00033449,0.000198692,0.00174291,0.0006233,0.000229178,-0.000204297,-0.000490083,-1.2972e-06,2.12833e-05,-0.000618189,-0.000113224,-0.000193044,8.11223e-05,-0.000496696,-3.23576e-05,-0.000442246,0.000813304,-0.00163496,-0.000618125,-1.78659e-05,0.000210648,-0.00917614,-0.00597507,-0.0122993,-0.0069116,-0.0197756,0.000682708,0.00293408,-0.00531547,0.000163041,-0.0190079,-0.00418854,0.00171255,-0.00272441,0.00112836,0.000107208,-0.00211804,0.000817528,-0.00190671
1.LLD longline,0.000236602,-0.000282062,0.000270652,-0.169335,0.0574064,0.0116658,-0.00747592,0.00473562,0.00167693,-0.00158693,-0.00294799,-0.011491,-0.0153082,0.00121177,0.00108765,0.000979219,0.00146809,-0.00415008,-0.0906904,-0.00109692,0.00177995,-0.000775116,-0.0122367,-0.0181999,0.00210886,-0.0104468,-0.00706203,0.00276656,-0.00343276,-0.00117763,0.00115176,0.000879777,0.0015277,0.00199713,0.000270776,-0.000362039,-0.000597418,0.00231684,-6.99757e-05,0.00248502,5.0263e-05,-0.000320392,7.95749e-05,0.000242705,0.000580647,-0.000153341,0.00151893,-0.000478667,-3.54113e-05,0.000484306,-0.000208251,-0.000143868,-0.000206887,0.00437856,0.000462883,-0.000397186,6.12614e-05,-1.78947e-05,-7.70903e-05,-1.95747e-05,0.000261009,0.000202757,-8.93241e-05,-0.000141737,-5.17821e-05,0.00335147,-0.000312411,4.21869e-05,2.994e-05,-1.08564e-05,-0.00282425,-0.0916533,-0.00907666,-0.00957512,-0.00244139,0.00959256,0.00231684,-0.00372786,-0.0690861,-0.00190611,-0.000917665,0.00134387,-0.00143472,-0.00505464,-0.00120175,0.00116916,-0.00216427,-0.00334733
1.LTL trolling,1.01375e-05,-7.1357e-06,1.181e-07,-6.733e-07,-1.73034e-05,1.03887e-05,-0.000476274,0.000449193,-9.20664e-05,3.17642e-05,1.61461e-05,4.73136e-05,1.63479e-05,0.000115945,0.000234272,-5.18337e-05,-3.73131e-05,1.22934e-05,3.61872e-05,0.000103337,5.80827e-05,1.57851e-05,-0.000917095,8.35219e-05,-3.69725e-05,-1.16354e-05,3.06801e-05,1.08063e-05,1.20602e-05,4.3506e-06,3.36804e-05,5.41704e-05,5.74617e-05,-1.0497e-06,1.4139e-06,1.2247e-06,-2.9741e-05,-1.00175e-05,1.59685e-05,-4.6985e-06,-7.8362e-06,6.5523e-06,-2.0267e-06,-9.279e-07,-3.836e-07,-5.7304e-06,-1.50316e-05,8.9134e-06,1.1035e-06,-8.077e-07,8.368e-06,-1.3205e-06,-3.3815e-06,1.5907e-06,6.64e-08,-1.25283e-05,2.8816e-06,-1.3944e-06,5.5245e-06,-7.557e-07,6.326e-06,7.4835e-06,3.312e-06,-3.433e-07,2.848e-06,-4.4166e-06,-0.000301435,2.8516e-06,1.1448e-06,-1.6512e-06,-1.31139e-05,5.0164e-06,-0.000654876,-0.000673892,-0.000348275,2.67036e-05,-1.00175e-05,9.3299e-06,-2.5052e-06,-0.000334666,8.149e-06,4.3657e-06,2.8113e-06,7.07462e-05,1.13252e-05,-4.5259e-05,1.98893e-05,1.7547e-06
1.LH hand-pole,0.00018361,-0.000350141,-1.71783e-05,4.23641e-05,-0.000344915,0.000146402,0.000307399,0.00344418,-0.0014072,-0.000321887,-0.000551547,0.000130722,0.00019055,0.00105514,0.00320102,-0.00111843,-0.000591426,-2.0252e-05,0.000326246,0.00168451,0.00109462,0.00013237,-0.0173951,0.000612828,-0.000516219,-0.000146886,0.000823093,0.000197315,0.000290238,7.61864e-05,-0.000222454,-0.000173202,-0.000528385,2.28129e-05,-1.95112e-05,1.85451e-05,4.18401e-05,-8.03374e-05,0.000277452,6.64699e-05,-7.32938e-05,8.64823e-05,-7.86298e-05,-3.16685e-05,-3.55215e-05,-9.24811e-05,4.64475e-05,2.5822e-06,2.8121e-05,2.8522e-05,2.02167e-05,2.12179e-05,-0.000214897,2.09471e-05,4.9755e-06,-7.78311e-05,4.0072e-05,-2.26975e-05,5.58989e-05,-1.4745e-05,0.000152706,5.68306e-05,3.76869e-05,1.10882e-05,3.38562e-05,-0.000204417,4.20523e-05,-1.0988e-05,1.51046e-05,-1.29576e-05,-0.000205666,-0.000156823,-0.0091782,-0.0130411,0.000265054,0.000386826,-8.03374e-05,0.00010715,2.4578e-06,0.000260552,-5.73028e-05,0.000154574,-9.09619e-05,0.00107701,0.000236513,-0.000588161,0.000591584,-4.10082e-05
1.MIS,1.07138e-05,3.24038e-05,6.1803e-06,1.78491e-05,0.000150638,-0.000944608,-0.00223817,0.00121561,-7.85119e-05,7.1757e-06,0.000174036,0.000335408,0.000432441,-5.35704e-05,-4.00404e-05,-4.07491e-05,-2.90022e-05,0.000524276,3.443e-07,6.94468e-05,-5.55867e-05,4.25821e-05,0.000188902,-3.81431e-05,-0.000226144,0.000829903,0.000396963,-0.000125398,0.000329763,0.000108197,1.78299e-05,0.000111545,0.0001114,-7.77545e-05,-1.23533e-05,1.97315e-05,-5.73156e-05,2.6609e-05,0.000109475,-0.000108154,-2.01748e-05,3.89838e-05,-9.9294e-06,-6.8069e-06,-2.7464e-06,-1.898e-06,1.27444e-05,-8.898e-07,-1.0726e-06,-9.20945e-05,-7.1346e-06,1.35174e-05,4.799e-05,-0.000358608,-5.38156e-05,-3.08629e-05,3.905e-07,3.659e-07,1.57523e-05,6.062e-07,-1.73439e-05,1.64486e-05,9.9541e-06,-1.1601e-06,4.1129e-06,-3.56981e-05,2.72848e-05,-9.1828e-06,-3.269e-07,-3.374e-06,-7.67065e-05,3.28019e-05,-0.00041619,0.0001367,-0.00189793,-0.000746491,2.6609e-05,2.28924e-05,-0.000139121,-0.00186177,8.4642e-06,-1.70176e-05,1.4132e-05,0.000215637,7.68794e-05,-0.000123445,0.00011525,-7.6417e-06
1.PS+SB+SV,0.00211656,0.00228169,-1.10466e-05,0.0138096,0.0352431,-0.23369,0.137622,-0.0548079,-0.0159694,6.40462e-05,0.0305412,0.0645507,0.082528,-0.00744147,-0.00291402,-0.00979996,-0.0070649,0.0990486,0.00220178,0.0155818,-0.00988478,-0.00906451,0.0147987,-0.00159688,-0.0442152,0.206956,0.111898,-0.0308208,0.0744058,0.0277439,0.00149058,0.013896,-0.00517743,-0.0211165,-0.00285664,0.00195132,-0.00716454,0.00331453,0.0216536,-0.0196733,-0.00474249,0.0066856,-0.00442052,-0.00127735,-0.000197737,-0.000926678,0.00661958,-0.0023129,-1.49799e-05,-0.0181047,-0.00315901,0.00592353,0.00519508,-0.0887924,-0.0125903,0.00312739,-0.001127,0.000441444,0.00359175,0.000882997,-0.00412868,-0.000995536,0.00233766,-9.99931e-05,0.00116218,-0.00886433,0.00323412,-0.00143489,-0.000546365,-0.000772523,0.00835315,0.0095794,0.0404713,0.0115451,0.0399621,-0.188937,0.00331453,0.00736351,-0.0314261,0.0295789,-0.00118636,-0.00243824,0.00127983,0.0423545,0.0159956,-0.0103753,0.0218114,-0.00318441
2.FPO traps,6.08e-08,1.74e-08,-3.4817e-06,1.971e-07,4.75e-08,6.48e-08,1.593e-07,-5.06e-08,-4.057e-07,1.438e-06,1.382e-06,-1.29e-07,2.928e-07,6.362e-07,1.7152e-06,3.666e-07,5.845e-07,5e-10,1.321e-07,1.292e-07,9.79e-08,1.997e-07,1.851e-07,-2.0996e-06,1.573e-07,-2.59e-08,6.47e-08,-4.77e-08,4.303e-07,5.58e-08,-2.901e-07,3.125e-07,2.209e-07,1.331e-07,-3.21e-08,5.618e-07,4.9e-09,-3.88786e-05,4.346e-07,4.226e-07,4.894e-07,9.302e-07,1.8381e-06,-3.088e-07,-4.317e-07,1.462e-07,1.076e-07,-1.662e-07,1.8954e-06,1.269e-07,-2.39e-07,1.091e-07,-1.163e-07,1.17e-08,-1.16e-08,-3.3e-08,7.1e-09,-1.4e-09,-3.151e-07,-5.1e-08,8.02e-08,-3.64e-08,-3.098e-07,8.17e-08,-4.59e-08,-2.7614e-06,-4.976e-07,4.415e-07,-3e-09,1.057e-07,-3.0566e-06,-2.595e-07,-4.62e-08,1.375e-07,1.345e-07,5.97e-08,-3.88622e-05,-1.2221e-06,-3.36e-08,1.318e-07,-3.925e-07,4.13e-07,-9e-08,8.89e-08,1.654e-07,5.4e-09,-8.869e-07,1.806e-07
2.GNS+TR_D,-0.000170685,-3.76857e-05,6.54843e-05,2.93476e-05,-9.394e-07,0.000282861,-0.00167492,0.000939493,0.000485151,-0.000226072,-5.59376e-05,-0.00729781,-0.0102536,0.000184994,0.000117763,0.000302771,0.000116723,0.00106637,-0.00234907,-0.000251977,0.000145919,-0.0010616,-0.000263879,-0.00235683,-5.2498e-06,-0.000253719,-0.000129124,-0.000370682,-0.000130229,-0.000118208,-1.59769e-05,2.46587e-05,-3.34992e-05,-0.000136378,6.5818e-05,9.32064e-05,-1.39109e-05,0.000239489,0.000269361,0.00040287,7.75566e-05,3.8456e-06,8.3925e-06,5.941e-06,-1.97848e-05,3.51724e-05,4.82859e-05,4.8101e-06,6.893e-05,-0.000182439,0.000111027,0.000133145,0.000163851,0.000137061,-4.55524e-05,1.76538e-05,-1.98931e-05,1.36268e-05,-5.13146e-05,3.0636e-06,-0.000102086,-2.58778e-05,-4.13219e-05,-6.1815e-06,-3.525e-05,4.44883e-05,-0.000127272,-4.30467e-05,-8.6461e-06,1.78135e-05,-0.000765082,-0.00101189,-0.000651741,-0.000283901,-0.00116,0.000243922,0.000239489,-0.00150901,2.45629e-05,-0.00110525,-0.000505389,0.000327274,-0.000585679,0.000184458,-0.000261292,-0.000290815,0.000102384,-0.000550354
2.LLD longline,0.00213652,0.010073,0.000146119,-0.42274,-0.528889,-0.105086,0.102916,-0.052505,-0.00226823,0.00963345,0.0239839,0.0352706,0.0408559,-0.00136028,-0.00335183,0.00181024,0.000367656,0.0463673,-0.0101175,0.0001522,-0.00845091,-0.00447229,0.064389,0.0105677,-0.0234678,0.0932746,0.0581582,-0.012895,0.0407955,0.0124714,-0.000262101,0.00588407,-0.00369004,0.016412,-0.00194396,0.00134065,-0.00336098,0.0036168,0.0111852,-0.00986665,-0.00218991,0.00381099,-0.00270288,-0.000749457,-0.000476658,-0.00043147,0.00401141,-0.00180043,-0.000194157,-0.00830388,-0.00225215,0.00312074,0.0028896,-0.0399084,-0.00608099,0.00241987,-0.000772726,0.000330762,0.00170683,0.000576522,-0.00253204,-0.000935729,0.00110063,-4.28853e-05,0.000508752,-0.0172135,-0.00788754,-0.000992313,-0.000349809,-0.000330457,0.00788685,-0.193718,0.057218,0.04857,0.0482085,-0.0858032,0.0036168,0.00541013,-0.362992,0.042392,0.000815047,-0.00116132,0.00183558,0.00779654,0.00789858,-0.00900047,-0.00279,-0.000760582
2.MIS,1.39802e-05,3.90913e-05,7.1171e-06,3.11501e-05,0.000200688,-0.00126825,-0.00247444,0.0013618,-0.000102792,8.3281e-06,0.000224039,0.000436177,0.000561825,-6.75121e-05,-4.84533e-05,-5.45087e-05,-3.88681e-05,0.000680368,2.08e-06,9.20273e-05,-7.15634e-05,4.21209e-05,0.000229407,-4.51598e-05,-0.000294755,0.00111548,0.000543343,-0.000168247,0.000437232,0.000146153,2.16978e-05,0.000139238,0.000124451,-0.00010586,-1.64276e-05,2.42454e-05,-7.1566e-05,3.32112e-05,0.000142883,-0.000139773,-2.68882e-05,5.00901e-05,-1.48554e-05,-8.8333e-06,-3.3316e-06,-2.9003e-06,1.97819e-05,-2.8081e-06,-1.2463e-06,-0.000120047,-1.06535e-05,2.01263e-05,5.93088e-05,-0.00048158,-7.16846e-05,-3.32659e-05,-4.023e-07,7.544e-07,2.09112e-05,1.365e-06,-2.31314e-05,1.82379e-05,1.32665e-05,-1.4126e-06,5.6265e-06,-4.79581e-05,3.39596e-05,-1.16987e-05,-7.914e-07,-4.481e-06,-8.19908e-05,4.51654e-05,-0.000448541,0.000166662,-0.00215719,-0.00100535,3.32112e-05,3.20564e-05,-0.000184483,-0.00212348,8.8538e-06,-2.14619e-05,1.72801e-05,0.000281087,0.000100873,-0.000150145,0.000149598,-1.12486e-05
2.OTB_D,-0.000223548,-0.000261157,-0.00194917,-0.000229411,7.54609e-05,0.000521956,-9.89355e-05,0.00014845,0.000749699,-8.94224e-05,0.000200448,-0.0173755,-0.0248406,0.000475055,0.000744306,-0.00151886,-0.0323351,0.00190898,-0.00718836,-0.000297136,3.96468e-05,-0.000596802,-0.000311008,0.000106974,9.9651e-05,-0.000442339,-5.26434e-05,-0.000537851,-0.00020171,-0.00015681,-0.00336718,0.000340787,-3.99446e-05,-0.0010812,0.00062465,0.000796052,0.000241906,0.000924654,0.00399415,-0.0148249,0.000159155,3.72246e-05,-0.00031091,9.8204e-05,0.000431882,-0.000151115,0.000290073,0.000108972,-0.00511916,-0.00263102,-0.00942606,0.00032865,0.000152343,0.000221311,4.5021e-05,6.4144e-05,-4.2826e-05,2.40336e-05,-0.000139204,8.3321e-06,-0.000110714,-5.89884e-05,-7.26365e-05,-7.97397e-05,-0.000120504,-0.00126938,9.29945e-05,-0.000167366,-1.78878e-05,3.41965e-05,-0.00195432,-0.00132501,-0.000166679,-0.000288996,6.43672e-05,0.000424234,0.000924654,-0.0020498,-9.229e-05,8.17296e-05,-0.00863361,-0.00661257,-0.0086945,0.000417226,-0.000386694,-0.000204159,-0.000178753,-0.00967832
2.OTB_DWS,6.4679e-06,2.60732e-05,-7.62058e-05,5.5474e-06,-4.9283e-06,-9.3246e-06,2.38426e-05,-2.7246e-05,3.50121e-05,-7.83778e-05,-0.000163865,0.000642764,0.000996874,-7.50116e-05,-0.000179995,0.000105295,0.000461851,-7.75697e-05,0.00061369,2.10286e-05,1.99017e-05,2.57924e-05,3.23961e-05,1.32752e-05,3.02715e-05,3.14465e-05,2.87268e-05,2.81331e-05,4.18528e-05,-4.13385e-05,0.000107719,3.33158e-05,2.5094e-05,3.64647e-05,0.000104777,-6.16842e-05,8.75804e-05,-0.000133902,-0.0091638,-0.00217039,5.44743e-05,0.000571928,-0.000223842,-0.0001647,-0.000235553,2.21577e-05,-1.48544e-05,5.34642e-05,-0.000262953,-2.9279e-05,-0.000619744,0.000172,9.67184e-05,-3.4924e-06,6.26946e-05,-7.6598e-06,-1.44585e-05,8.7052e-06,-4.67609e-05,4.1223e-06,-5.36571e-05,-5.1884e-06,-1.17496e-05,3.37149e-05,-1.93202e-05,0.000374671,3.14768e-05,-0.000129898,-4.2667e-06,3.4339e-06,5.01193e-05,8.37621e-05,2.94442e-05,3.28643e-05,1.51192e-05,-9.95e-06,-0.000133902,7.17259e-05,9.3395e-06,1.41917e-05,-0.000522225,-0.00471532,-0.00114203,-1.12285e-05,3.40278e-05,1.86104e-05,0.000119488,-0.00158835
2.OTB_MDD,-0.00268757,-0.000418979,-0.0194306,-0.000243221,0.000721506,0.00704386,-0.00262442,0.00797539,-0.00529564,0.0822203,0.0785619,-0.271096,-0.427461,0.0409687,0.0939128,0.0274695,-0.110866,0.0234083,-0.0977758,0.00196152,0.00179951,0.00101516,-0.016171,0.0070912,0.00324865,-0.00507404,0.000296289,-0.00747107,0.00157023,-0.00331773,-0.0246308,0.00625807,-0.000781669,-0.00623014,0.0106597,0.0211744,0.00651867,0.0554631,-0.140871,-0.343664,-4.93643e-05,0.0204302,-0.0134024,-0.00438189,-0.00192863,-0.00329703,-0.00352649,0.00730806,-0.0668873,-0.0306305,-0.120138,0.005563,0.0027945,0.00271837,0.00365612,0.000960836,-0.0007734,0.000387256,-0.000776222,0.000531905,-0.00195439,-0.000514149,0.000649793,8.35533e-05,-0.000932539,-0.193445,-0.00757841,-0.00747265,-0.0002244,-0.000452557,-0.00922376,-0.0154441,-0.0104092,-0.0125924,-8.15332e-05,0.00605133,0.0554631,-0.0228133,-0.000314416,0.000188827,-0.131144,-0.243075,-0.173157,0.00883011,-0.00341974,-0.00250537,-0.0589345,-0.190102
2.OTM,7.28151e-05,-6.8094e-06,-1.26828e-05,-0.000547485,0.000179336,-6.84866e-05,-4.692e-06,-8.963e-07,0.00167817,0.0003182,0.00042656,-0.000339776,-0.000490384,0.000944663,8.54626e-05,0.0013931,0.000895569,-0.00040576,3.4552e-06,-0.00213209,0.000109194,-2.54476e-05,-4.5648e-05,-1.72382e-05,-8.3612e-06,5.85847e-05,2.83512e-05,0.000163341,7.931e-05,2.5431e-06,8.40693e-05,0.000147131,-4.5823e-06,4.35358e-05,2.83987e-05,-0.000243718,-7.46622e-05,-0.000109643,-1.58825e-05,5.06787e-05,-8.5993e-06,4.6871e-06,-3.1409e-06,-9.5704e-06,-1.42393e-05,-3.6187e-06,4.52564e-05,-1.46714e-05,2.5295e-06,9.11103e-05,-2.65708e-05,1.43125e-05,1.89129e-05,-2.49001e-05,2.6571e-06,-2.54164e-05,2.6215e-06,-7.048e-07,6.3513e-06,3e-09,-2.2265e-06,1.37784e-05,4.5395e-06,7.0384e-06,1.13132e-05,0.000341144,-1.02054e-05,1.941e-05,1.1929e-06,-7.953e-07,1.30986e-05,-0.000364551,-2.81255e-05,-3.47108e-05,-2.14708e-05,-5.07091e-05,-0.000109643,-0.000112978,-0.000242793,-2.32547e-05,5.98762e-05,9.6566e-06,-1.29452e-05,-0.00151449,0.000120984,7.39375e-05,-0.00080959,8.6389e-05
2.PTM,-0.00505658,-0.000186299,0.000188444,-0.00566452,0.00245854,0.000243727,0.000311821,0.000945805,0.00035513,0.000285943,-0.000502145,-0.000822576,-0.000809401,-0.000255488,0.000179988,0.000636566,-0.000216563,-0.000937976,0.000329598,0.000455686,0.00056796,0.000221234,0.000447167,0.000674554,0.000565919,0.000250479,0.000463237,-0.00975729,-0.0139124,-0.000408955,0.000693513,0.000486641,-0.000771534,-0.000568014,0.00019886,0.00212338,-0.000216931,-0.000240931,6.72058e-05,0.000343266,0.0016504,-4.54155e-05,6.32174e-05,9.73463e-05,-0.000663567,0.000427701,-0.000758545,-5.84098e-05,0.000127897,0.000256055,0.000194369,-0.00106598,0.000492644,0.00013575,0.000938882,0.00133192,-0.000126716,1.85717e-05,-0.00107295,-0.000171113,-0.000760511,-0.000970366,-0.000681453,-8.3329e-05,-0.000779576,0.000242511,0.000358048,-0.000492013,-6.44314e-05,0.000329168,0.000325181,-0.002467,0.000407845,0.000195751,0.000293912,0.000267639,-0.000240931,9.38024e-05,-0.002142,0.000292007,0.000165898,0.00022598,0.000136199,-0.000121033,-0.0115541,-0.00690456,3.69124e-05,0.000171541
2.PS+SB+SV,-0.0219522,0.00164812,0.000860828,0.00961399,-0.104371,-0.148749,-0.00954792,0.0174227,-0.0118513,0.00096571,0.0160642,0.0395202,0.0515436,-0.00260256,0.00795779,-0.0054779,-0.00726743,0.0612912,0.00466487,0.0178003,-0.000514233,-0.00152698,-0.0464675,-0.0175469,-0.0303366,0.133808,0.0787091,-0.0791375,0.0166931,0.0159669,0.00194564,0.0111857,-0.000818581,-0.0124917,-0.0013211,0.0147153,-0.0058523,0.00458441,0.0158824,-0.0113532,4.0855e-05,0.00504372,-0.00291155,-0.000782854,-0.0017275,0.00039625,-0.000127793,0.000431452,0.000279057,-0.0110719,-0.000344255,0.000620029,0.00770516,-0.0564279,-0.00422093,0.00878536,-0.00111872,0.000237059,0.000297524,0.000136125,-0.00763419,-0.00491386,0.000240829,-0.000249507,-0.000880679,-0.00406179,0.00289385,-0.00241284,-0.000522851,6.93944e-05,-0.000656747,0.00314025,-0.0271816,-0.0352305,-0.0461597,-0.119336,0.00458441,0.00359635,-0.0507891,-0.0500523,6.39661e-05,-1.60962e-05,0.00123558,0.0314954,-0.0361024,-0.0498146,0.0172741,-0.00101734
3.OTM,0.00296541,0.00356043,0.00907005,0.00144822,0.000504921,-0.00303274,0.00313135,0.00221693,-0.0299624,0.192025,0.174761,0.0676423,0.0059831,0.0748553,0.175447,0.0427407,0.0353662,-0.014398,0.0390107,-0.0013126,-0.00093417,0.0124239,0.00756732,0.0123724,0.00415406,0.00280994,0.00268386,0.00481012,0.011161,-0.000884335,0.00189089,-0.000954682,0.0010807,0.0100374,-0.00233735,0.0378314,-0.000140676,0.0968699,-0.00657388,-0.00032129,-0.00529849,0.00658971,-0.00886392,-0.00183924,-0.00342896,-0.000953739,-0.014937,0.00997799,-0.00386253,0.00584529,0.00600675,-0.00221141,-0.00400758,-0.00093884,0.000219982,-0.000157096,0.000653593,-0.000392926,0.00331865,0.000242328,0.00239006,0.000946446,0.00298946,0.000382553,0.00133775,-0.386851,-0.0030418,-0.00279367,0.000323335,-0.00136867,0.0143719,0.0102027,0.00468866,0.00631785,0.00151011,-0.00233372,0.0968699,0.0174059,-4.92522e-05,0.00133774,0.0109019,-0.00272608,0.00667891,-0.00542102,0.00758711,0.00456668,-0.130242,0.0118679
3.OTB_MDDW,-0.00226006,-0.00113787,-0.010985,0.00309577,0.000816481,0.00403637,-0.00055558,0.000139337,0.00879404,-0.0144439,-0.0112879,-0.110138,-0.150225,-0.00257687,-0.00951092,-0.0932129,-0.132684,0.0145819,-0.224738,-0.00281532,0.00143019,-0.00406059,-0.000745775,0.000979548,0.000366376,-0.00291561,-0.00153999,-0.00493448,-0.00293262,-0.00170401,0.00134627,0.00499125,-0.00156668,-0.00337719,0.00660516,0.0100049,0.00175095,-0.00547173,-0.154818,-0.166004,0.00102048,0.0130632,-0.00524264,-0.00223239,-0.00021087,-0.00178047,0.00230142,0.000517289,-0.0281771,-0.0153611,-0.054943,0.00318291,0.00369773,0.00147922,0.00199985,0.000610433,-0.000725815,0.000380698,-0.00116497,0.000340698,-0.00236527,-0.000543165,-0.000454254,-0.000440354,-0.00107992,0.0222025,0.0016395,-0.00393202,-0.000251578,-9.2728e-05,-0.00575386,-0.0224485,-0.000171165,-0.0016108,0.000652163,0.00325065,-0.00547173,-0.0140247,-0.000498221,0.00078057,-0.0691515,-0.150765,-0.0884712,0.00295903,-0.00398963,-0.00213293,0.00900117,-0.11384
